solid OpenSCAD_Model
  facet normal 1 -0 0
    outer loop
      vertex 156.6 0 10.6
      vertex 156.6 81.3 0
      vertex 156.6 81.3 10.6
    endloop
  endfacet
  facet normal 1 0 0
    outer loop
      vertex 156.6 81.3 0
      vertex 156.6 0 10.6
      vertex 156.6 0 0
    endloop
  endfacet
  facet normal 0 0 1
    outer loop
      vertex 37.64 81.3 10.6
      vertex 2.25 79.1 10.6
      vertex 37.64 79.3 10.6
    endloop
  endfacet
  facet normal -0 0 1
    outer loop
      vertex 0 81.3 10.6
      vertex 2.25 79.1 10.6
      vertex 37.64 81.3 10.6
    endloop
  endfacet
  facet normal 0 0 1
    outer loop
      vertex 0 44.65 10.6
      vertex 2.25 79.1 10.6
      vertex 0 81.3 10.6
    endloop
  endfacet
  facet normal 0 0 1
    outer loop
      vertex 2.25 79.1 10.6
      vertex 0 44.65 10.6
      vertex 2.25 44.65 10.6
    endloop
  endfacet
  facet normal 0 0 1
    outer loop
      vertex 156.6 81.3 10.6
      vertex 154.35 79.1 10.6
      vertex 156.6 0 10.6
    endloop
  endfacet
  facet normal -0 0 1
    outer loop
      vertex 87.64 81.3 10.6
      vertex 154.35 79.1 10.6
      vertex 156.6 81.3 10.6
    endloop
  endfacet
  facet normal -0 0 1
    outer loop
      vertex 87.64 79.3 10.6
      vertex 154.35 79.1 10.6
      vertex 87.64 81.3 10.6
    endloop
  endfacet
  facet normal -0 0 1
    outer loop
      vertex 37.64 79.3 10.6
      vertex 154.35 79.1 10.6
      vertex 87.64 79.3 10.6
    endloop
  endfacet
  facet normal 0 0 1
    outer loop
      vertex 154.35 79.1 10.6
      vertex 37.64 79.3 10.6
      vertex 2.25 79.1 10.6
    endloop
  endfacet
  facet normal -0 0 1
    outer loop
      vertex 154.35 2.2 10.6
      vertex 156.6 0 10.6
      vertex 154.35 79.1 10.6
    endloop
  endfacet
  facet normal 0 0 1
    outer loop
      vertex 2.925 0 10.6
      vertex 154.35 2.2 10.6
      vertex 2.925 2.2 10.6
    endloop
  endfacet
  facet normal 0 0 1
    outer loop
      vertex 154.35 2.2 10.6
      vertex 2.925 0 10.6
      vertex 156.6 0 10.6
    endloop
  endfacet
  facet normal 0 0 -1
    outer loop
      vertex 0 0 0
      vertex 28 2.35 0
      vertex 28 0 0
    endloop
  endfacet
  facet normal 0 0 -1
    outer loop
      vertex 28 2.35 0
      vertex 13.0851 76.9961 0
      vertex 13.1 77.3 0
    endloop
  endfacet
  facet normal 0 0 -1
    outer loop
      vertex 28 2.35 0
      vertex 13.0404 76.6952 0
      vertex 13.0851 76.9961 0
    endloop
  endfacet
  facet normal 0 0 -1
    outer loop
      vertex 28 2.35 0
      vertex 12.9665 76.4001 0
      vertex 13.0404 76.6952 0
    endloop
  endfacet
  facet normal 0 0 -1
    outer loop
      vertex 28 2.35 0
      vertex 12.864 76.1137 0
      vertex 12.9665 76.4001 0
    endloop
  endfacet
  facet normal 0 0 -1
    outer loop
      vertex 28 2.35 0
      vertex 12.734 75.8387 0
      vertex 12.864 76.1137 0
    endloop
  endfacet
  facet normal 0 0 -1
    outer loop
      vertex 28 2.35 0
      vertex 12.5776 75.5777 0
      vertex 12.734 75.8387 0
    endloop
  endfacet
  facet normal 0 0 -1
    outer loop
      vertex 28 2.35 0
      vertex 12.3963 75.3334 0
      vertex 12.5776 75.5777 0
    endloop
  endfacet
  facet normal 0 0 -1
    outer loop
      vertex 28 2.35 0
      vertex 12.192 75.108 0
      vertex 12.3963 75.3334 0
    endloop
  endfacet
  facet normal 0 0 -1
    outer loop
      vertex 28 2.35 0
      vertex 11.9666 74.9037 0
      vertex 12.192 75.108 0
    endloop
  endfacet
  facet normal 0 0 -1
    outer loop
      vertex 28 2.35 0
      vertex 11.7223 74.7224 0
      vertex 11.9666 74.9037 0
    endloop
  endfacet
  facet normal 0 0 -1
    outer loop
      vertex 28 2.35 0
      vertex 11.4613 74.566 0
      vertex 11.7223 74.7224 0
    endloop
  endfacet
  facet normal 0 0 -1
    outer loop
      vertex 28 2.35 0
      vertex 11.1863 74.436 0
      vertex 11.4613 74.566 0
    endloop
  endfacet
  facet normal 0 0 -1
    outer loop
      vertex 28 2.35 0
      vertex 10.8999 74.3335 0
      vertex 11.1863 74.436 0
    endloop
  endfacet
  facet normal 0 0 -1
    outer loop
      vertex 28 2.35 0
      vertex 10.6048 74.2596 0
      vertex 10.8999 74.3335 0
    endloop
  endfacet
  facet normal 0 0 -1
    outer loop
      vertex 28 2.35 0
      vertex 10.3039 74.2149 0
      vertex 10.6048 74.2596 0
    endloop
  endfacet
  facet normal 0 -0 -1
    outer loop
      vertex 10 74.2 0
      vertex 28 2.35 0
      vertex 0 0 0
    endloop
  endfacet
  facet normal 0 0 -1
    outer loop
      vertex 28 2.35 0
      vertex 10 74.2 0
      vertex 10.3039 74.2149 0
    endloop
  endfacet
  facet normal -0 0 -1
    outer loop
      vertex 10 74.2 0
      vertex 0 0 0
      vertex 9.69615 74.2149 0
    endloop
  endfacet
  facet normal -0 0 -1
    outer loop
      vertex 9.69615 74.2149 0
      vertex 0 0 0
      vertex 9.39522 74.2596 0
    endloop
  endfacet
  facet normal -0 0 -1
    outer loop
      vertex 9.39522 74.2596 0
      vertex 0 0 0
      vertex 9.10012 74.3335 0
    endloop
  endfacet
  facet normal -0 0 -1
    outer loop
      vertex 9.10012 74.3335 0
      vertex 0 0 0
      vertex 8.81368 74.436 0
    endloop
  endfacet
  facet normal -0 0 -1
    outer loop
      vertex 8.81368 74.436 0
      vertex 0 0 0
      vertex 8.53867 74.566 0
    endloop
  endfacet
  facet normal -0 0 -1
    outer loop
      vertex 8.53867 74.566 0
      vertex 0 0 0
      vertex 8.27773 74.7224 0
    endloop
  endfacet
  facet normal -0 0 -1
    outer loop
      vertex 8.27773 74.7224 0
      vertex 0 0 0
      vertex 8.03338 74.9037 0
    endloop
  endfacet
  facet normal -0 0 -1
    outer loop
      vertex 8.03338 74.9037 0
      vertex 0 0 0
      vertex 7.80797 75.108 0
    endloop
  endfacet
  facet normal 0 0 -1
    outer loop
      vertex 0 81.3 0
      vertex 7.80797 75.108 0
      vertex 0 0 0
    endloop
  endfacet
  facet normal 0 0 -1
    outer loop
      vertex 7.80797 75.108 0
      vertex 0 81.3 0
      vertex 7.60367 75.3334 0
    endloop
  endfacet
  facet normal 0 0 -1
    outer loop
      vertex 7.60367 75.3334 0
      vertex 0 81.3 0
      vertex 7.42244 75.5777 0
    endloop
  endfacet
  facet normal 0 0 -1
    outer loop
      vertex 7.42244 75.5777 0
      vertex 0 81.3 0
      vertex 7.26604 75.8387 0
    endloop
  endfacet
  facet normal 0 0 -1
    outer loop
      vertex 6.95957 76.6952 0
      vertex 0 81.3 0
      vertex 6.91493 76.9961 0
    endloop
  endfacet
  facet normal 0 0 -1
    outer loop
      vertex 7.03348 76.4001 0
      vertex 0 81.3 0
      vertex 6.95957 76.6952 0
    endloop
  endfacet
  facet normal 0 0 -1
    outer loop
      vertex 7.13597 76.1137 0
      vertex 0 81.3 0
      vertex 7.03348 76.4001 0
    endloop
  endfacet
  facet normal 0 0 -1
    outer loop
      vertex 7.26604 75.8387 0
      vertex 0 81.3 0
      vertex 7.13597 76.1137 0
    endloop
  endfacet
  facet normal 0 0 -1
    outer loop
      vertex 30 2.35 0
      vertex 28 2.35 0
      vertex 30 5 0
    endloop
  endfacet
  facet normal 0 0 -1
    outer loop
      vertex 125 2.35 0
      vertex 123 2.35 0
      vertex 125 5 0
    endloop
  endfacet
  facet normal 0 0 -1
    outer loop
      vertex 123 0 0
      vertex 113.75 10.8 0
      vertex 123 2.35 0
    endloop
  endfacet
  facet normal 0 0 -1
    outer loop
      vertex 52 2.35 0
      vertex 113.75 10.8 0
      vertex 52 0 0
    endloop
  endfacet
  facet normal 0 0 -1
    outer loop
      vertex 52 0 0
      vertex 113.75 10.8 0
      vertex 123 0 0
    endloop
  endfacet
  facet normal 0 0 -1
    outer loop
      vertex 145.75 42.8 0
      vertex 156.6 81.3 0
      vertex 156.6 0 0
    endloop
  endfacet
  facet normal 0 0 -1
    outer loop
      vertex 156.6 81.3 0
      vertex 149.685 76.9961 0
      vertex 149.7 77.3 0
    endloop
  endfacet
  facet normal 0 0 -1
    outer loop
      vertex 156.6 81.3 0
      vertex 149.64 76.6952 0
      vertex 149.685 76.9961 0
    endloop
  endfacet
  facet normal 0 0 -1
    outer loop
      vertex 156.6 81.3 0
      vertex 149.567 76.4001 0
      vertex 149.64 76.6952 0
    endloop
  endfacet
  facet normal 0 -0 -1
    outer loop
      vertex 148.996 75.3334 0
      vertex 156.6 81.3 0
      vertex 145.75 42.8 0
    endloop
  endfacet
  facet normal 0 0 -1
    outer loop
      vertex 156.6 81.3 0
      vertex 149.464 76.1137 0
      vertex 149.567 76.4001 0
    endloop
  endfacet
  facet normal 0 0 -1
    outer loop
      vertex 156.6 81.3 0
      vertex 149.334 75.8387 0
      vertex 149.464 76.1137 0
    endloop
  endfacet
  facet normal 0 0 -1
    outer loop
      vertex 156.6 81.3 0
      vertex 149.178 75.5777 0
      vertex 149.334 75.8387 0
    endloop
  endfacet
  facet normal 0 0 -1
    outer loop
      vertex 156.6 81.3 0
      vertex 148.996 75.3334 0
      vertex 149.178 75.5777 0
    endloop
  endfacet
  facet normal 0 0 -1
    outer loop
      vertex 148.996 75.3334 0
      vertex 145.75 42.8 0
      vertex 148.792 75.108 0
    endloop
  endfacet
  facet normal 0 0 -1
    outer loop
      vertex 148.792 75.108 0
      vertex 145.75 42.8 0
      vertex 148.567 74.9037 0
    endloop
  endfacet
  facet normal 0 0 -1
    outer loop
      vertex 148.567 74.9037 0
      vertex 145.75 42.8 0
      vertex 148.322 74.7224 0
    endloop
  endfacet
  facet normal 0 0 -1
    outer loop
      vertex 148.322 74.7224 0
      vertex 145.75 42.8 0
      vertex 148.061 74.566 0
    endloop
  endfacet
  facet normal 0 0 -1
    outer loop
      vertex 148.061 74.566 0
      vertex 145.75 42.8 0
      vertex 147.786 74.436 0
    endloop
  endfacet
  facet normal 0 0 -1
    outer loop
      vertex 147.786 74.436 0
      vertex 145.75 42.8 0
      vertex 147.5 74.3335 0
    endloop
  endfacet
  facet normal 0 0 -1
    outer loop
      vertex 147 2.35 0
      vertex 156.6 0 0
      vertex 147 0 0
    endloop
  endfacet
  facet normal 0 0 -1
    outer loop
      vertex 145.75 10.8 0
      vertex 156.6 0 0
      vertex 147 2.35 0
    endloop
  endfacet
  facet normal 0 0 -1
    outer loop
      vertex 147.5 74.3335 0
      vertex 145.75 42.8 0
      vertex 147.205 74.2596 0
    endloop
  endfacet
  facet normal 0 0 -1
    outer loop
      vertex 147.205 74.2596 0
      vertex 145.75 42.8 0
      vertex 146.904 74.2149 0
    endloop
  endfacet
  facet normal 0 0 -1
    outer loop
      vertex 146.904 74.2149 0
      vertex 145.75 42.8 0
      vertex 146.6 74.2 0
    endloop
  endfacet
  facet normal -0 0 -1
    outer loop
      vertex 146.6 74.2 0
      vertex 145.75 42.8 0
      vertex 146.296 74.2149 0
    endloop
  endfacet
  facet normal 0 0 -1
    outer loop
      vertex 156.6 0 0
      vertex 145.75 10.8 0
      vertex 145.75 42.8 0
    endloop
  endfacet
  facet normal 0 0 -1
    outer loop
      vertex 145 5 0
      vertex 147 2.35 0
      vertex 145 2.35 0
    endloop
  endfacet
  facet normal 0 0 -1
    outer loop
      vertex 147 2.35 0
      vertex 145 5 0
      vertex 145.75 10.8 0
    endloop
  endfacet
  facet normal 0 0 -1
    outer loop
      vertex 125 5 0
      vertex 145.75 10.8 0
      vertex 145 5 0
    endloop
  endfacet
  facet normal 0 0 -1
    outer loop
      vertex 125 5 0
      vertex 113.75 10.8 0
      vertex 145.75 10.8 0
    endloop
  endfacet
  facet normal 0 0 -1
    outer loop
      vertex 113.75 10.8 0
      vertex 125 5 0
      vertex 123 2.35 0
    endloop
  endfacet
  facet normal 0 0 -1
    outer loop
      vertex 149.685 77.6039 0
      vertex 156.6 81.3 0
      vertex 149.7 77.3 0
    endloop
  endfacet
  facet normal 0 0 -1
    outer loop
      vertex 149.64 77.9048 0
      vertex 156.6 81.3 0
      vertex 149.685 77.6039 0
    endloop
  endfacet
  facet normal 0 0 -1
    outer loop
      vertex 149.567 78.1999 0
      vertex 156.6 81.3 0
      vertex 149.64 77.9048 0
    endloop
  endfacet
  facet normal 0 0 -1
    outer loop
      vertex 149.464 78.4863 0
      vertex 156.6 81.3 0
      vertex 149.567 78.1999 0
    endloop
  endfacet
  facet normal 0 0 -1
    outer loop
      vertex 149.334 78.7613 0
      vertex 156.6 81.3 0
      vertex 149.464 78.4863 0
    endloop
  endfacet
  facet normal 0 0 -1
    outer loop
      vertex 149.178 79.0223 0
      vertex 156.6 81.3 0
      vertex 149.334 78.7613 0
    endloop
  endfacet
  facet normal 0 0 -1
    outer loop
      vertex 148.996 79.2666 0
      vertex 156.6 81.3 0
      vertex 149.178 79.0223 0
    endloop
  endfacet
  facet normal 0 0 -1
    outer loop
      vertex 148.792 79.492 0
      vertex 156.6 81.3 0
      vertex 148.996 79.2666 0
    endloop
  endfacet
  facet normal 0 0 -1
    outer loop
      vertex 148.567 79.6963 0
      vertex 156.6 81.3 0
      vertex 148.792 79.492 0
    endloop
  endfacet
  facet normal 0 0 -1
    outer loop
      vertex 148.322 79.8776 0
      vertex 156.6 81.3 0
      vertex 148.567 79.6963 0
    endloop
  endfacet
  facet normal 0 0 -1
    outer loop
      vertex 148.061 80.034 0
      vertex 156.6 81.3 0
      vertex 148.322 79.8776 0
    endloop
  endfacet
  facet normal 0 0 -1
    outer loop
      vertex 147.786 80.164 0
      vertex 156.6 81.3 0
      vertex 148.061 80.034 0
    endloop
  endfacet
  facet normal 0 0 -1
    outer loop
      vertex 147.5 80.2665 0
      vertex 156.6 81.3 0
      vertex 147.786 80.164 0
    endloop
  endfacet
  facet normal 0 0 -1
    outer loop
      vertex 147.205 80.3404 0
      vertex 156.6 81.3 0
      vertex 147.5 80.2665 0
    endloop
  endfacet
  facet normal 0 0 -1
    outer loop
      vertex 146.904 80.3851 0
      vertex 156.6 81.3 0
      vertex 147.205 80.3404 0
    endloop
  endfacet
  facet normal 0 0 -1
    outer loop
      vertex 146.6 80.4 0
      vertex 156.6 81.3 0
      vertex 146.904 80.3851 0
    endloop
  endfacet
  facet normal 0 0 -1
    outer loop
      vertex 146.296 80.3851 0
      vertex 156.6 81.3 0
      vertex 146.6 80.4 0
    endloop
  endfacet
  facet normal 0 0 -1
    outer loop
      vertex 113.75 42.8 0
      vertex 143.515 77.6039 0
      vertex 143.5 77.3 0
    endloop
  endfacet
  facet normal 0 0 -1
    outer loop
      vertex 113.75 42.8 0
      vertex 143.56 77.9048 0
      vertex 143.515 77.6039 0
    endloop
  endfacet
  facet normal 0 0 -1
    outer loop
      vertex 113.75 42.8 0
      vertex 143.633 78.1999 0
      vertex 143.56 77.9048 0
    endloop
  endfacet
  facet normal 0 0 -1
    outer loop
      vertex 113.75 42.8 0
      vertex 143.736 78.4863 0
      vertex 143.633 78.1999 0
    endloop
  endfacet
  facet normal 0 0 -1
    outer loop
      vertex 12.864 78.4863 0
      vertex 143.736 78.4863 0
      vertex 113.75 42.8 0
    endloop
  endfacet
  facet normal 0 0 -1
    outer loop
      vertex 143.736 78.4863 0
      vertex 12.864 78.4863 0
      vertex 143.866 78.7613 0
    endloop
  endfacet
  facet normal 0 0 -1
    outer loop
      vertex 12.734 78.7613 0
      vertex 143.866 78.7613 0
      vertex 12.864 78.4863 0
    endloop
  endfacet
  facet normal 0 0 -1
    outer loop
      vertex 50 5 0
      vertex 113.75 10.8 0
      vertex 52 2.35 0
    endloop
  endfacet
  facet normal -0 0 -1
    outer loop
      vertex 113.75 10.8 0
      vertex 50 5 0
      vertex 113.75 42.8 0
    endloop
  endfacet
  facet normal 0 0 -1
    outer loop
      vertex 13.1 77.3 0
      vertex 113.75 42.8 0
      vertex 50 5 0
    endloop
  endfacet
  facet normal 0 0 -1
    outer loop
      vertex 13.0851 77.6039 0
      vertex 113.75 42.8 0
      vertex 13.1 77.3 0
    endloop
  endfacet
  facet normal 0 0 -1
    outer loop
      vertex 50 5 0
      vertex 52 2.35 0
      vertex 50 2.35 0
    endloop
  endfacet
  facet normal 0 0 -1
    outer loop
      vertex 13.0404 77.9048 0
      vertex 113.75 42.8 0
      vertex 13.0851 77.6039 0
    endloop
  endfacet
  facet normal 0 0 -1
    outer loop
      vertex 13.1 77.3 0
      vertex 50 5 0
      vertex 30 5 0
    endloop
  endfacet
  facet normal 0 0 -1
    outer loop
      vertex 12.9665 78.1999 0
      vertex 113.75 42.8 0
      vertex 13.0404 77.9048 0
    endloop
  endfacet
  facet normal 0 0 -1
    outer loop
      vertex 13.1 77.3 0
      vertex 30 5 0
      vertex 28 2.35 0
    endloop
  endfacet
  facet normal 0 0 -1
    outer loop
      vertex 12.864 78.4863 0
      vertex 113.75 42.8 0
      vertex 12.9665 78.1999 0
    endloop
  endfacet
  facet normal 0 0 -1
    outer loop
      vertex 143.866 78.7613 0
      vertex 12.734 78.7613 0
      vertex 144.022 79.0223 0
    endloop
  endfacet
  facet normal 0 0 -1
    outer loop
      vertex 12.5776 79.0223 0
      vertex 144.022 79.0223 0
      vertex 12.734 78.7613 0
    endloop
  endfacet
  facet normal 0 0 -1
    outer loop
      vertex 144.022 79.0223 0
      vertex 12.5776 79.0223 0
      vertex 144.204 79.2666 0
    endloop
  endfacet
  facet normal 0 0 -1
    outer loop
      vertex 12.3963 79.2666 0
      vertex 144.204 79.2666 0
      vertex 12.5776 79.0223 0
    endloop
  endfacet
  facet normal 0 0 -1
    outer loop
      vertex 144.204 79.2666 0
      vertex 12.3963 79.2666 0
      vertex 144.408 79.492 0
    endloop
  endfacet
  facet normal 0 0 -1
    outer loop
      vertex 12.192 79.492 0
      vertex 144.408 79.492 0
      vertex 12.3963 79.2666 0
    endloop
  endfacet
  facet normal 0 0 -1
    outer loop
      vertex 144.408 79.492 0
      vertex 12.192 79.492 0
      vertex 144.633 79.6963 0
    endloop
  endfacet
  facet normal 0 0 -1
    outer loop
      vertex 11.9666 79.6963 0
      vertex 144.633 79.6963 0
      vertex 12.192 79.492 0
    endloop
  endfacet
  facet normal 0 0 -1
    outer loop
      vertex 144.633 79.6963 0
      vertex 11.9666 79.6963 0
      vertex 144.878 79.8776 0
    endloop
  endfacet
  facet normal 0 0 -1
    outer loop
      vertex 11.7223 79.8776 0
      vertex 144.878 79.8776 0
      vertex 11.9666 79.6963 0
    endloop
  endfacet
  facet normal 0 0 -1
    outer loop
      vertex 144.878 79.8776 0
      vertex 11.7223 79.8776 0
      vertex 145.139 80.034 0
    endloop
  endfacet
  facet normal 0 0 -1
    outer loop
      vertex 11.4613 80.034 0
      vertex 145.139 80.034 0
      vertex 11.7223 79.8776 0
    endloop
  endfacet
  facet normal 0 0 -1
    outer loop
      vertex 145.139 80.034 0
      vertex 11.4613 80.034 0
      vertex 145.414 80.164 0
    endloop
  endfacet
  facet normal 0 0 -1
    outer loop
      vertex 11.1863 80.164 0
      vertex 145.414 80.164 0
      vertex 11.4613 80.034 0
    endloop
  endfacet
  facet normal 0 0 -1
    outer loop
      vertex 145.414 80.164 0
      vertex 11.1863 80.164 0
      vertex 145.7 80.2665 0
    endloop
  endfacet
  facet normal 0 0 -1
    outer loop
      vertex 10.8999 80.2665 0
      vertex 145.7 80.2665 0
      vertex 11.1863 80.164 0
    endloop
  endfacet
  facet normal 0 0 -1
    outer loop
      vertex 145.7 80.2665 0
      vertex 10.8999 80.2665 0
      vertex 145.995 80.3404 0
    endloop
  endfacet
  facet normal 0 0 -1
    outer loop
      vertex 10.6048 80.3404 0
      vertex 145.995 80.3404 0
      vertex 10.8999 80.2665 0
    endloop
  endfacet
  facet normal 0 0 -1
    outer loop
      vertex 145.995 80.3404 0
      vertex 10.6048 80.3404 0
      vertex 146.296 80.3851 0
    endloop
  endfacet
  facet normal 0 0 -1
    outer loop
      vertex 10.3039 80.3851 0
      vertex 146.296 80.3851 0
      vertex 10.6048 80.3404 0
    endloop
  endfacet
  facet normal 0 0 -1
    outer loop
      vertex 146.296 80.3851 0
      vertex 10.3039 80.3851 0
      vertex 156.6 81.3 0
    endloop
  endfacet
  facet normal 0 0 -1
    outer loop
      vertex 0 81.3 0
      vertex 10.3039 80.3851 0
      vertex 10 80.4 0
    endloop
  endfacet
  facet normal 0 0 -1
    outer loop
      vertex 6.91493 76.9961 0
      vertex 0 81.3 0
      vertex 6.9 77.3 0
    endloop
  endfacet
  facet normal 0 0 -1
    outer loop
      vertex 10.3039 80.3851 0
      vertex 0 81.3 0
      vertex 156.6 81.3 0
    endloop
  endfacet
  facet normal 0 0 -1
    outer loop
      vertex 9.69615 80.3851 0
      vertex 0 81.3 0
      vertex 10 80.4 0
    endloop
  endfacet
  facet normal 0 0 -1
    outer loop
      vertex 9.39522 80.3404 0
      vertex 0 81.3 0
      vertex 9.69615 80.3851 0
    endloop
  endfacet
  facet normal 0 0 -1
    outer loop
      vertex 9.10012 80.2665 0
      vertex 0 81.3 0
      vertex 9.39522 80.3404 0
    endloop
  endfacet
  facet normal 0 0 -1
    outer loop
      vertex 8.81368 80.164 0
      vertex 0 81.3 0
      vertex 9.10012 80.2665 0
    endloop
  endfacet
  facet normal 0 0 -1
    outer loop
      vertex 8.53867 80.034 0
      vertex 0 81.3 0
      vertex 8.81368 80.164 0
    endloop
  endfacet
  facet normal 0 0 -1
    outer loop
      vertex 8.27773 79.8776 0
      vertex 0 81.3 0
      vertex 8.53867 80.034 0
    endloop
  endfacet
  facet normal 0 0 -1
    outer loop
      vertex 8.03338 79.6963 0
      vertex 0 81.3 0
      vertex 8.27773 79.8776 0
    endloop
  endfacet
  facet normal 0 0 -1
    outer loop
      vertex 7.80797 79.492 0
      vertex 0 81.3 0
      vertex 8.03338 79.6963 0
    endloop
  endfacet
  facet normal 0 0 -1
    outer loop
      vertex 7.60367 79.2666 0
      vertex 0 81.3 0
      vertex 7.80797 79.492 0
    endloop
  endfacet
  facet normal 0 0 -1
    outer loop
      vertex 7.42244 79.0223 0
      vertex 0 81.3 0
      vertex 7.60367 79.2666 0
    endloop
  endfacet
  facet normal 0 0 -1
    outer loop
      vertex 7.26604 78.7613 0
      vertex 0 81.3 0
      vertex 7.42244 79.0223 0
    endloop
  endfacet
  facet normal 0 0 -1
    outer loop
      vertex 7.13597 78.4863 0
      vertex 0 81.3 0
      vertex 7.26604 78.7613 0
    endloop
  endfacet
  facet normal 0 0 -1
    outer loop
      vertex 7.03348 78.1999 0
      vertex 0 81.3 0
      vertex 7.13597 78.4863 0
    endloop
  endfacet
  facet normal 0 0 -1
    outer loop
      vertex 6.95957 77.9048 0
      vertex 0 81.3 0
      vertex 7.03348 78.1999 0
    endloop
  endfacet
  facet normal 0 0 -1
    outer loop
      vertex 6.91493 77.6039 0
      vertex 0 81.3 0
      vertex 6.95957 77.9048 0
    endloop
  endfacet
  facet normal 0 0 -1
    outer loop
      vertex 6.9 77.3 0
      vertex 0 81.3 0
      vertex 6.91493 77.6039 0
    endloop
  endfacet
  facet normal -0 0 -1
    outer loop
      vertex 146.296 74.2149 0
      vertex 145.75 42.8 0
      vertex 145.995 74.2596 0
    endloop
  endfacet
  facet normal 0 0 -1
    outer loop
      vertex 145.75 42.8 0
      vertex 145.7 74.3335 0
      vertex 145.995 74.2596 0
    endloop
  endfacet
  facet normal 0 0 -1
    outer loop
      vertex 145.75 42.8 0
      vertex 145.414 74.436 0
      vertex 145.7 74.3335 0
    endloop
  endfacet
  facet normal 0 0 -1
    outer loop
      vertex 145.75 42.8 0
      vertex 145.139 74.566 0
      vertex 145.414 74.436 0
    endloop
  endfacet
  facet normal 0 0 -1
    outer loop
      vertex 145.75 42.8 0
      vertex 144.878 74.7224 0
      vertex 145.139 74.566 0
    endloop
  endfacet
  facet normal 0 0 -1
    outer loop
      vertex 145.75 42.8 0
      vertex 144.633 74.9037 0
      vertex 144.878 74.7224 0
    endloop
  endfacet
  facet normal 0 0 -1
    outer loop
      vertex 113.75 42.8 0
      vertex 144.633 74.9037 0
      vertex 145.75 42.8 0
    endloop
  endfacet
  facet normal -0 0 -1
    outer loop
      vertex 144.633 74.9037 0
      vertex 113.75 42.8 0
      vertex 144.408 75.108 0
    endloop
  endfacet
  facet normal -0 0 -1
    outer loop
      vertex 144.408 75.108 0
      vertex 113.75 42.8 0
      vertex 144.204 75.3334 0
    endloop
  endfacet
  facet normal -0 0 -1
    outer loop
      vertex 144.204 75.3334 0
      vertex 113.75 42.8 0
      vertex 144.022 75.5777 0
    endloop
  endfacet
  facet normal -0 0 -1
    outer loop
      vertex 144.022 75.5777 0
      vertex 113.75 42.8 0
      vertex 143.866 75.8387 0
    endloop
  endfacet
  facet normal -0 0 -1
    outer loop
      vertex 143.866 75.8387 0
      vertex 113.75 42.8 0
      vertex 143.736 76.1137 0
    endloop
  endfacet
  facet normal -0 0 -1
    outer loop
      vertex 143.736 76.1137 0
      vertex 113.75 42.8 0
      vertex 143.633 76.4001 0
    endloop
  endfacet
  facet normal -0 0 -1
    outer loop
      vertex 143.633 76.4001 0
      vertex 113.75 42.8 0
      vertex 143.56 76.6952 0
    endloop
  endfacet
  facet normal -0 0 -1
    outer loop
      vertex 143.515 76.9961 0
      vertex 113.75 42.8 0
      vertex 143.5 77.3 0
    endloop
  endfacet
  facet normal -0 0 -1
    outer loop
      vertex 143.56 76.6952 0
      vertex 113.75 42.8 0
      vertex 143.515 76.9961 0
    endloop
  endfacet
  facet normal -1 0 0
    outer loop
      vertex 0 81.3 0
      vertex 0 44.65 1
      vertex 0 81.3 10.6
    endloop
  endfacet
  facet normal -1 0 0
    outer loop
      vertex 0 0 0
      vertex 0 44.65 1
      vertex 0 81.3 0
    endloop
  endfacet
  facet normal -1 -0 0
    outer loop
      vertex 0 44.65 1
      vertex 0 0 0
      vertex 0 0 1
    endloop
  endfacet
  facet normal -1 -0 0
    outer loop
      vertex 0 81.3 10.6
      vertex 0 44.65 1
      vertex 0 44.65 10.6
    endloop
  endfacet
  facet normal 0 1 0
    outer loop
      vertex 156.6 81.3 10.6
      vertex 87.64 81.3 1
      vertex 87.64 81.3 10.6
    endloop
  endfacet
  facet normal 0 1 0
    outer loop
      vertex 0 81.3 0
      vertex 87.64 81.3 1
      vertex 156.6 81.3 0
    endloop
  endfacet
  facet normal 0 1 -0
    outer loop
      vertex 156.6 81.3 0
      vertex 87.64 81.3 1
      vertex 156.6 81.3 10.6
    endloop
  endfacet
  facet normal 0 1 -0
    outer loop
      vertex 37.64 81.3 1
      vertex 0 81.3 10.6
      vertex 37.64 81.3 10.6
    endloop
  endfacet
  facet normal 0 1 0
    outer loop
      vertex 37.64 81.3 1
      vertex 0 81.3 0
      vertex 0 81.3 10.6
    endloop
  endfacet
  facet normal 0 1 0
    outer loop
      vertex 87.64 81.3 1
      vertex 0 81.3 0
      vertex 37.64 81.3 1
    endloop
  endfacet
  facet normal 0 -1 0
    outer loop
      vertex 0 0 1
      vertex 0 0 0
      vertex 2.925 0 1
    endloop
  endfacet
  facet normal 0 -1 0
    outer loop
      vertex 52 0 0
      vertex 123 0 2.35
      vertex 52 0 2.35
    endloop
  endfacet
  facet normal 0 -1 -0
    outer loop
      vertex 123 0 2.35
      vertex 52 0 0
      vertex 123 0 0
    endloop
  endfacet
  facet normal 0 -1 0
    outer loop
      vertex 52 0 2.35
      vertex 50 0 5
      vertex 50 0 2.35
    endloop
  endfacet
  facet normal 0 -1 0
    outer loop
      vertex 50 0 5
      vertex 52 0 2.35
      vertex 125 0 5
    endloop
  endfacet
  facet normal 0 -1 0
    outer loop
      vertex 123 0 2.35
      vertex 125 0 5
      vertex 52 0 2.35
    endloop
  endfacet
  facet normal 0 -1 -0
    outer loop
      vertex 125 0 5
      vertex 123 0 2.35
      vertex 125 0 2.35
    endloop
  endfacet
  facet normal 0 -1 0
    outer loop
      vertex 50 0 5
      vertex 2.925 0 10.6
      vertex 30 0 5
    endloop
  endfacet
  facet normal 0 -1 0
    outer loop
      vertex 2.925 0 10.6
      vertex 28 0 2.35
      vertex 30 0 5
    endloop
  endfacet
  facet normal 0 -1 0
    outer loop
      vertex 2.925 0 1
      vertex 28 0 2.35
      vertex 2.925 0 10.6
    endloop
  endfacet
  facet normal 0 -1 0
    outer loop
      vertex 28 0 0
      vertex 2.925 0 1
      vertex 0 0 0
    endloop
  endfacet
  facet normal 0 -1 0
    outer loop
      vertex 2.925 0 1
      vertex 28 0 0
      vertex 28 0 2.35
    endloop
  endfacet
  facet normal 0 -1 0
    outer loop
      vertex 2.925 0 10.6
      vertex 50 0 5
      vertex 156.6 0 10.6
    endloop
  endfacet
  facet normal 0 -1 0
    outer loop
      vertex 125 0 5
      vertex 156.6 0 10.6
      vertex 50 0 5
    endloop
  endfacet
  facet normal 0 -1 0
    outer loop
      vertex 145 0 5
      vertex 156.6 0 10.6
      vertex 125 0 5
    endloop
  endfacet
  facet normal 0 -1 0
    outer loop
      vertex 147 0 2.35
      vertex 145 0 5
      vertex 145 0 2.35
    endloop
  endfacet
  facet normal 0 -1 0
    outer loop
      vertex 145 0 5
      vertex 147 0 2.35
      vertex 156.6 0 10.6
    endloop
  endfacet
  facet normal 0 -1 0
    outer loop
      vertex 156.6 0 0
      vertex 147 0 2.35
      vertex 147 0 0
    endloop
  endfacet
  facet normal 0 -1 0
    outer loop
      vertex 147 0 2.35
      vertex 156.6 0 0
      vertex 156.6 0 10.6
    endloop
  endfacet
  facet normal 0 -1 -0
    outer loop
      vertex 30 0 5
      vertex 28 0 2.35
      vertex 30 0 2.35
    endloop
  endfacet
  facet normal 0 0.242992 -0.970028
    outer loop
      vertex 30 0.975451 -4.90393
      vertex 50 1.45142 -4.7847
      vertex 50 0.975451 -4.90393
    endloop
  endfacet
  facet normal 0 0.242992 -0.970028
    outer loop
      vertex 50 1.45142 -4.7847
      vertex 30 0.975451 -4.90393
      vertex 30 1.45142 -4.7847
    endloop
  endfacet
  facet normal 0 -0.941548 -0.336879
    outer loop
      vertex 30 -4.6194 -1.91342
      vertex 50 -4.7847 -1.45142
      vertex 30 -4.7847 -1.45142
    endloop
  endfacet
  facet normal 0 -0.941548 -0.336879
    outer loop
      vertex 50 -4.7847 -1.45142
      vertex 30 -4.6194 -1.91342
      vertex 50 -4.6194 -1.91342
    endloop
  endfacet
  facet normal 0 0.514103 -0.857728
    outer loop
      vertex 30 2.35698 -4.40961
      vertex 50 2.77785 -4.15735
      vertex 50 2.35698 -4.40961
    endloop
  endfacet
  facet normal 0 0.514103 -0.857728
    outer loop
      vertex 50 2.77785 -4.15735
      vertex 30 2.35698 -4.40961
      vertex 30 2.77785 -4.15735
    endloop
  endfacet
  facet normal 0 -0.427558 -0.903988
    outer loop
      vertex 30 -2.35698 -4.40961
      vertex 50 -1.91342 -4.6194
      vertex 50 -2.35698 -4.40961
    endloop
  endfacet
  facet normal -0 -0.427558 -0.903988
    outer loop
      vertex 50 -1.91342 -4.6194
      vertex 30 -2.35698 -4.40961
      vertex 30 -1.91342 -4.6194
    endloop
  endfacet
  facet normal 0 0.049075 -0.998795
    outer loop
      vertex 30 0 -5
      vertex 50 0.490086 -4.97592
      vertex 50 0 -5
    endloop
  endfacet
  facet normal 0 0.049075 -0.998795
    outer loop
      vertex 50 0.490086 -4.97592
      vertex 30 0 -5
      vertex 30 0.490086 -4.97592
    endloop
  endfacet
  facet normal 0 0.941548 -0.336879
    outer loop
      vertex 50 4.6194 -1.91342
      vertex 30 4.7847 -1.45142
      vertex 50 4.7847 -1.45142
    endloop
  endfacet
  facet normal 0 0.941548 -0.336879
    outer loop
      vertex 30 4.7847 -1.45142
      vertex 50 4.6194 -1.91342
      vertex 30 4.6194 -1.91342
    endloop
  endfacet
  facet normal 0 -0.857728 0.514103
    outer loop
      vertex 30 -4.40961 2.35698
      vertex 50 -4.15735 2.77785
      vertex 30 -4.15735 2.77785
    endloop
  endfacet
  facet normal 0 -0.857728 0.514103
    outer loop
      vertex 50 -4.15735 2.77785
      vertex 30 -4.40961 2.35698
      vertex 50 -4.40961 2.35698
    endloop
  endfacet
  facet normal 0 -0.336879 0.941548
    outer loop
      vertex 30 -1.45142 4.7847
      vertex 50 -1.91342 4.6194
      vertex 50 -1.45142 4.7847
    endloop
  endfacet
  facet normal 0 -0.336879 0.941548
    outer loop
      vertex 50 -1.91342 4.6194
      vertex 30 -1.45142 4.7847
      vertex 30 -1.91342 4.6194
    endloop
  endfacet
  facet normal 0 0.427558 -0.903988
    outer loop
      vertex 30 1.91342 -4.6194
      vertex 50 2.35698 -4.40961
      vertex 50 1.91342 -4.6194
    endloop
  endfacet
  facet normal 0 0.427558 -0.903988
    outer loop
      vertex 50 2.35698 -4.40961
      vertex 30 1.91342 -4.6194
      vertex 30 2.35698 -4.40961
    endloop
  endfacet
  facet normal 0 -0.970028 0.242992
    outer loop
      vertex 30 -4.90393 0.975451
      vertex 50 -4.7847 1.45142
      vertex 30 -4.7847 1.45142
    endloop
  endfacet
  facet normal 0 -0.970028 0.242992
    outer loop
      vertex 50 -4.7847 1.45142
      vertex 30 -4.90393 0.975451
      vertex 50 -4.90393 0.975451
    endloop
  endfacet
  facet normal 0 -0.903988 0.427558
    outer loop
      vertex 30 -4.6194 1.91342
      vertex 50 -4.40961 2.35698
      vertex 30 -4.40961 2.35698
    endloop
  endfacet
  facet normal 0 -0.903988 0.427558
    outer loop
      vertex 50 -4.40961 2.35698
      vertex 30 -4.6194 1.91342
      vertex 50 -4.6194 1.91342
    endloop
  endfacet
  facet normal 0 -0.998795 -0.049075
    outer loop
      vertex 30 -4.97592 -0.490086
      vertex 50 -5 0
      vertex 30 -5 0
    endloop
  endfacet
  facet normal 0 -0.998795 -0.049075
    outer loop
      vertex 50 -5 0
      vertex 30 -4.97592 -0.490086
      vertex 50 -4.97592 -0.490086
    endloop
  endfacet
  facet normal 0 0.998795 -0.049075
    outer loop
      vertex 50 4.97592 -0.490086
      vertex 30 5 0
      vertex 50 5 0
    endloop
  endfacet
  facet normal 0 0.998795 -0.049075
    outer loop
      vertex 30 5 0
      vertex 50 4.97592 -0.490086
      vertex 30 4.97592 -0.490086
    endloop
  endfacet
  facet normal 0 -0.514103 -0.857728
    outer loop
      vertex 30 -2.77785 -4.15735
      vertex 50 -2.35698 -4.40961
      vertex 50 -2.77785 -4.15735
    endloop
  endfacet
  facet normal -0 -0.514103 -0.857728
    outer loop
      vertex 50 -2.35698 -4.40961
      vertex 30 -2.77785 -4.15735
      vertex 30 -2.35698 -4.40961
    endloop
  endfacet
  facet normal 0 0.740943 -0.671568
    outer loop
      vertex 50 3.53553 -3.53553
      vertex 30 3.86505 -3.17197
      vertex 50 3.86505 -3.17197
    endloop
  endfacet
  facet normal 0 0.740943 -0.671568
    outer loop
      vertex 30 3.86505 -3.17197
      vertex 50 3.53553 -3.53553
      vertex 30 3.53553 -3.53553
    endloop
  endfacet
  facet normal 0 -0.970028 -0.242992
    outer loop
      vertex 30 -4.7847 -1.45142
      vertex 50 -4.90393 -0.975451
      vertex 30 -4.90393 -0.975451
    endloop
  endfacet
  facet normal 0 -0.970028 -0.242992
    outer loop
      vertex 50 -4.90393 -0.975451
      vertex 30 -4.7847 -1.45142
      vertex 50 -4.7847 -1.45142
    endloop
  endfacet
  facet normal 0 -0.146716 -0.989179
    outer loop
      vertex 30 -0.975451 -4.90393
      vertex 50 -0.490086 -4.97592
      vertex 50 -0.975451 -4.90393
    endloop
  endfacet
  facet normal -0 -0.146716 -0.989179
    outer loop
      vertex 50 -0.490086 -4.97592
      vertex 30 -0.975451 -4.90393
      vertex 30 -0.490086 -4.97592
    endloop
  endfacet
  facet normal 0 0.903988 -0.427558
    outer loop
      vertex 50 4.40961 -2.35698
      vertex 30 4.6194 -1.91342
      vertex 50 4.6194 -1.91342
    endloop
  endfacet
  facet normal 0 0.903988 -0.427558
    outer loop
      vertex 30 4.6194 -1.91342
      vertex 50 4.40961 -2.35698
      vertex 30 4.40961 -2.35698
    endloop
  endfacet
  facet normal 0 0.5957 -0.803207
    outer loop
      vertex 30 2.77785 -4.15735
      vertex 50 3.17197 -3.86505
      vertex 50 2.77785 -4.15735
    endloop
  endfacet
  facet normal 0 0.5957 -0.803207
    outer loop
      vertex 50 3.17197 -3.86505
      vertex 30 2.77785 -4.15735
      vertex 30 3.17197 -3.86505
    endloop
  endfacet
  facet normal 0 -0.242992 0.970028
    outer loop
      vertex 30 -0.975451 4.90393
      vertex 50 -1.45142 4.7847
      vertex 50 -0.975451 4.90393
    endloop
  endfacet
  facet normal 0 -0.242992 0.970028
    outer loop
      vertex 50 -1.45142 4.7847
      vertex 30 -0.975451 4.90393
      vertex 30 -1.45142 4.7847
    endloop
  endfacet
  facet normal 0 -0.242992 -0.970028
    outer loop
      vertex 30 -1.45142 -4.7847
      vertex 50 -0.975451 -4.90393
      vertex 50 -1.45142 -4.7847
    endloop
  endfacet
  facet normal -0 -0.242992 -0.970028
    outer loop
      vertex 50 -0.975451 -4.90393
      vertex 30 -1.45142 -4.7847
      vertex 30 -0.975451 -4.90393
    endloop
  endfacet
  facet normal -1 0 0
    outer loop
      vertex 30 2.33868 -0.23034
      vertex 30 4.97592 -0.490086
      vertex 30 4.90393 -0.975451
    endloop
  endfacet
  facet normal -1 0 0
    outer loop
      vertex 30 2.30484 -0.458462
      vertex 30 4.90393 -0.975451
      vertex 30 4.7847 -1.45142
    endloop
  endfacet
  facet normal -1 0 0
    outer loop
      vertex 30 2.24881 -0.682169
      vertex 30 4.7847 -1.45142
      vertex 30 4.6194 -1.91342
    endloop
  endfacet
  facet normal -1 0 0
    outer loop
      vertex 30 2.17112 -0.899305
      vertex 30 4.6194 -1.91342
      vertex 30 4.40961 -2.35698
    endloop
  endfacet
  facet normal -1 0 0
    outer loop
      vertex 30 2.07251 -1.10778
      vertex 30 4.40961 -2.35698
      vertex 30 4.15735 -2.77785
    endloop
  endfacet
  facet normal -1 0 0
    outer loop
      vertex 30 1.95395 -1.30559
      vertex 30 4.15735 -2.77785
      vertex 30 3.86505 -3.17197
    endloop
  endfacet
  facet normal -1 0 0
    outer loop
      vertex 30 1.81657 -1.49082
      vertex 30 3.86505 -3.17197
      vertex 30 3.53553 -3.53553
    endloop
  endfacet
  facet normal -1 0 0
    outer loop
      vertex 30 1.6617 -1.6617
      vertex 30 3.53553 -3.53553
      vertex 30 3.17197 -3.86505
    endloop
  endfacet
  facet normal -1 0 0
    outer loop
      vertex 30 1.49082 -1.81657
      vertex 30 3.17197 -3.86505
      vertex 30 2.77785 -4.15735
    endloop
  endfacet
  facet normal -1 0 0
    outer loop
      vertex 30 1.30559 -1.95395
      vertex 30 2.77785 -4.15735
      vertex 30 2.35698 -4.40961
    endloop
  endfacet
  facet normal -1 0 0
    outer loop
      vertex 30 4.40961 -2.35698
      vertex 30 2.07251 -1.10778
      vertex 30 2.17112 -0.899305
    endloop
  endfacet
  facet normal -1 -0 0
    outer loop
      vertex 30 5 0
      vertex 30 2.33868 -0.23034
      vertex 30 2.35 0
    endloop
  endfacet
  facet normal -1 0 0
    outer loop
      vertex 30 4.97592 -0.490086
      vertex 30 2.33868 -0.23034
      vertex 30 5 0
    endloop
  endfacet
  facet normal -1 0 -0
    outer loop
      vertex 30 2.33868 -0.23034
      vertex 30 4.90393 -0.975451
      vertex 30 2.30484 -0.458462
    endloop
  endfacet
  facet normal -1 0 0
    outer loop
      vertex 30 4.7847 -1.45142
      vertex 30 2.24881 -0.682169
      vertex 30 2.30484 -0.458462
    endloop
  endfacet
  facet normal -1 0 0
    outer loop
      vertex 30 4.6194 -1.91342
      vertex 30 2.17112 -0.899305
      vertex 30 2.24881 -0.682169
    endloop
  endfacet
  facet normal -1 0 0
    outer loop
      vertex 30 4.15735 -2.77785
      vertex 30 1.95395 -1.30559
      vertex 30 2.07251 -1.10778
    endloop
  endfacet
  facet normal -1 0 0
    outer loop
      vertex 30 1.10778 -2.07251
      vertex 30 2.35698 -4.40961
      vertex 30 1.91342 -4.6194
    endloop
  endfacet
  facet normal -1 0 0
    outer loop
      vertex 30 3.86505 -3.17197
      vertex 30 1.81657 -1.49082
      vertex 30 1.95395 -1.30559
    endloop
  endfacet
  facet normal -1 0 0
    outer loop
      vertex 30 3.53553 -3.53553
      vertex 30 1.6617 -1.6617
      vertex 30 1.81657 -1.49082
    endloop
  endfacet
  facet normal -1 0 0
    outer loop
      vertex 30 3.17197 -3.86505
      vertex 30 1.49082 -1.81657
      vertex 30 1.6617 -1.6617
    endloop
  endfacet
  facet normal -1 0 0
    outer loop
      vertex 30 0.899305 -2.17112
      vertex 30 1.91342 -4.6194
      vertex 30 1.45142 -4.7847
    endloop
  endfacet
  facet normal -1 0 0
    outer loop
      vertex 30 2.77785 -4.15735
      vertex 30 1.30559 -1.95395
      vertex 30 1.49082 -1.81657
    endloop
  endfacet
  facet normal -1 0 0
    outer loop
      vertex 30 2.35698 -4.40961
      vertex 30 1.10778 -2.07251
      vertex 30 1.30559 -1.95395
    endloop
  endfacet
  facet normal -1 0 0
    outer loop
      vertex 30 0.682169 -2.24881
      vertex 30 1.45142 -4.7847
      vertex 30 0.975451 -4.90393
    endloop
  endfacet
  facet normal -1 0 0
    outer loop
      vertex 30 1.91342 -4.6194
      vertex 30 0.899305 -2.17112
      vertex 30 1.10778 -2.07251
    endloop
  endfacet
  facet normal -1 0 0
    outer loop
      vertex 30 1.45142 -4.7847
      vertex 30 0.682169 -2.24881
      vertex 30 0.899305 -2.17112
    endloop
  endfacet
  facet normal -1 0 0
    outer loop
      vertex 30 0.458462 -2.30484
      vertex 30 0.975451 -4.90393
      vertex 30 0.490086 -4.97592
    endloop
  endfacet
  facet normal -1 0 0
    outer loop
      vertex 30 0.975451 -4.90393
      vertex 30 0.458462 -2.30484
      vertex 30 0.682169 -2.24881
    endloop
  endfacet
  facet normal -1 0 0
    outer loop
      vertex 30 0.490086 -4.97592
      vertex 30 0.23034 -2.33868
      vertex 30 0.458462 -2.30484
    endloop
  endfacet
  facet normal -1 0 0
    outer loop
      vertex 30 0 -5
      vertex 30 0.23034 -2.33868
      vertex 30 0.490086 -4.97592
    endloop
  endfacet
  facet normal -1 0 0
    outer loop
      vertex 30 0 -5
      vertex 30 0 -2.35
      vertex 30 0.23034 -2.33868
    endloop
  endfacet
  facet normal -1 0 0
    outer loop
      vertex 30 0 -5
      vertex 30 -0.23034 -2.33868
      vertex 30 0 -2.35
    endloop
  endfacet
  facet normal -1 0 0
    outer loop
      vertex 30 -0.490086 -4.97592
      vertex 30 -0.23034 -2.33868
      vertex 30 0 -5
    endloop
  endfacet
  facet normal -1 -0 0
    outer loop
      vertex 30 -0.23034 -2.33868
      vertex 30 -0.490086 -4.97592
      vertex 30 -0.458462 -2.30484
    endloop
  endfacet
  facet normal -1 0 0
    outer loop
      vertex 30 -0.975451 -4.90393
      vertex 30 -0.458462 -2.30484
      vertex 30 -0.490086 -4.97592
    endloop
  endfacet
  facet normal -1 -0 0
    outer loop
      vertex 30 -0.458462 -2.30484
      vertex 30 -0.975451 -4.90393
      vertex 30 -0.682169 -2.24881
    endloop
  endfacet
  facet normal -1 0 0
    outer loop
      vertex 30 -1.45142 -4.7847
      vertex 30 -0.682169 -2.24881
      vertex 30 -0.975451 -4.90393
    endloop
  endfacet
  facet normal -1 -0 0
    outer loop
      vertex 30 -0.682169 -2.24881
      vertex 30 -1.45142 -4.7847
      vertex 30 -0.899305 -2.17112
    endloop
  endfacet
  facet normal -1 0 0
    outer loop
      vertex 30 -1.91342 -4.6194
      vertex 30 -0.899305 -2.17112
      vertex 30 -1.45142 -4.7847
    endloop
  endfacet
  facet normal -1 -0 0
    outer loop
      vertex 30 -0.899305 -2.17112
      vertex 30 -1.91342 -4.6194
      vertex 30 -1.10778 -2.07251
    endloop
  endfacet
  facet normal -1 0 0
    outer loop
      vertex 30 -2.35698 -4.40961
      vertex 30 -1.10778 -2.07251
      vertex 30 -1.91342 -4.6194
    endloop
  endfacet
  facet normal -1 -0 0
    outer loop
      vertex 30 -1.10778 -2.07251
      vertex 30 -2.35698 -4.40961
      vertex 30 -1.30559 -1.95395
    endloop
  endfacet
  facet normal -1 0 0
    outer loop
      vertex 30 -2.77785 -4.15735
      vertex 30 -1.30559 -1.95395
      vertex 30 -2.35698 -4.40961
    endloop
  endfacet
  facet normal -1 -0 0
    outer loop
      vertex 30 -1.30559 -1.95395
      vertex 30 -2.77785 -4.15735
      vertex 30 -1.49082 -1.81657
    endloop
  endfacet
  facet normal -1 0 0
    outer loop
      vertex 30 -3.17197 -3.86505
      vertex 30 -1.49082 -1.81657
      vertex 30 -2.77785 -4.15735
    endloop
  endfacet
  facet normal -1 -0 0
    outer loop
      vertex 30 -1.49082 -1.81657
      vertex 30 -3.17197 -3.86505
      vertex 30 -1.6617 -1.6617
    endloop
  endfacet
  facet normal -1 0 0
    outer loop
      vertex 30 -3.53553 -3.53553
      vertex 30 -1.6617 -1.6617
      vertex 30 -3.17197 -3.86505
    endloop
  endfacet
  facet normal -1 -0 0
    outer loop
      vertex 30 -1.6617 -1.6617
      vertex 30 -3.53553 -3.53553
      vertex 30 -1.81657 -1.49082
    endloop
  endfacet
  facet normal -1 0 0
    outer loop
      vertex 30 -3.86505 -3.17197
      vertex 30 -1.81657 -1.49082
      vertex 30 -3.53553 -3.53553
    endloop
  endfacet
  facet normal -1 -0 0
    outer loop
      vertex 30 -1.81657 -1.49082
      vertex 30 -3.86505 -3.17197
      vertex 30 -1.95395 -1.30559
    endloop
  endfacet
  facet normal -1 -0 0
    outer loop
      vertex 30 -1.95395 -1.30559
      vertex 30 -4.15735 -2.77785
      vertex 30 -2.07251 -1.10778
    endloop
  endfacet
  facet normal -1 0 0
    outer loop
      vertex 30 -4.15735 -2.77785
      vertex 30 -1.95395 -1.30559
      vertex 30 -3.86505 -3.17197
    endloop
  endfacet
  facet normal -1 0 0
    outer loop
      vertex 30 -0.23034 2.33868
      vertex 30 0 5
      vertex 30 0 2.35
    endloop
  endfacet
  facet normal -1 0 0
    outer loop
      vertex 30 -0.490086 4.97592
      vertex 30 -0.23034 2.33868
      vertex 30 -0.458462 2.30484
    endloop
  endfacet
  facet normal -1 0 0
    outer loop
      vertex 30 -0.23034 2.33868
      vertex 30 -0.490086 4.97592
      vertex 30 0 5
    endloop
  endfacet
  facet normal -1 0 0
    outer loop
      vertex 30 -0.975451 4.90393
      vertex 30 -0.458462 2.30484
      vertex 30 -0.682169 2.24881
    endloop
  endfacet
  facet normal -1 0 0
    outer loop
      vertex 30 -1.45142 4.7847
      vertex 30 -0.682169 2.24881
      vertex 30 -0.899305 2.17112
    endloop
  endfacet
  facet normal -1 0 0
    outer loop
      vertex 30 -0.458462 2.30484
      vertex 30 -0.975451 4.90393
      vertex 30 -0.490086 4.97592
    endloop
  endfacet
  facet normal -1 0 0
    outer loop
      vertex 30 -1.91342 4.6194
      vertex 30 -0.899305 2.17112
      vertex 30 -1.10778 2.07251
    endloop
  endfacet
  facet normal -1 0 0
    outer loop
      vertex 30 -2.35698 4.40961
      vertex 30 -1.10778 2.07251
      vertex 30 -1.30559 1.95395
    endloop
  endfacet
  facet normal -1 0 0
    outer loop
      vertex 30 -0.682169 2.24881
      vertex 30 -1.45142 4.7847
      vertex 30 -0.975451 4.90393
    endloop
  endfacet
  facet normal -1 0 0
    outer loop
      vertex 30 -2.77785 4.15735
      vertex 30 -1.30559 1.95395
      vertex 30 -1.49082 1.81657
    endloop
  endfacet
  facet normal -1 0 0
    outer loop
      vertex 30 -3.17197 3.86505
      vertex 30 -1.49082 1.81657
      vertex 30 -1.6617 1.6617
    endloop
  endfacet
  facet normal -1 0 0
    outer loop
      vertex 30 -3.53553 3.53553
      vertex 30 -1.6617 1.6617
      vertex 30 -1.81657 1.49082
    endloop
  endfacet
  facet normal -1 0 0
    outer loop
      vertex 30 -0.899305 2.17112
      vertex 30 -1.91342 4.6194
      vertex 30 -1.45142 4.7847
    endloop
  endfacet
  facet normal -1 0 0
    outer loop
      vertex 30 -3.86505 3.17197
      vertex 30 -1.81657 1.49082
      vertex 30 -1.95395 1.30559
    endloop
  endfacet
  facet normal -1 0 0
    outer loop
      vertex 30 -4.15735 2.77785
      vertex 30 -1.95395 1.30559
      vertex 30 -2.07251 1.10778
    endloop
  endfacet
  facet normal -1 0 0
    outer loop
      vertex 30 -4.40961 2.35698
      vertex 30 -2.07251 1.10778
      vertex 30 -2.17112 0.899305
    endloop
  endfacet
  facet normal -1 0 0
    outer loop
      vertex 30 -4.6194 1.91342
      vertex 30 -2.17112 0.899305
      vertex 30 -2.24881 0.682169
    endloop
  endfacet
  facet normal -1 0 0
    outer loop
      vertex 30 -4.7847 1.45142
      vertex 30 -2.24881 0.682169
      vertex 30 -2.30484 0.458462
    endloop
  endfacet
  facet normal -1 0 0
    outer loop
      vertex 30 -4.90393 0.975451
      vertex 30 -2.30484 0.458462
      vertex 30 -2.33868 0.23034
    endloop
  endfacet
  facet normal -1 0 0
    outer loop
      vertex 30 -1.10778 2.07251
      vertex 30 -2.35698 4.40961
      vertex 30 -1.91342 4.6194
    endloop
  endfacet
  facet normal -1 0 0
    outer loop
      vertex 30 -4.97592 0.490086
      vertex 30 -2.33868 0.23034
      vertex 30 -2.35 0
    endloop
  endfacet
  facet normal -1 0 0
    outer loop
      vertex 30 -4.40961 -2.35698
      vertex 30 -2.07251 -1.10778
      vertex 30 -4.15735 -2.77785
    endloop
  endfacet
  facet normal -1 -0 0
    outer loop
      vertex 30 -2.07251 -1.10778
      vertex 30 -4.40961 -2.35698
      vertex 30 -2.17112 -0.899305
    endloop
  endfacet
  facet normal -1 0 0
    outer loop
      vertex 30 -1.30559 1.95395
      vertex 30 -2.77785 4.15735
      vertex 30 -2.35698 4.40961
    endloop
  endfacet
  facet normal -1 0 0
    outer loop
      vertex 30 -4.6194 -1.91342
      vertex 30 -2.17112 -0.899305
      vertex 30 -4.40961 -2.35698
    endloop
  endfacet
  facet normal -1 0 0
    outer loop
      vertex 30 -1.49082 1.81657
      vertex 30 -3.17197 3.86505
      vertex 30 -2.77785 4.15735
    endloop
  endfacet
  facet normal -1 -0 0
    outer loop
      vertex 30 -2.17112 -0.899305
      vertex 30 -4.6194 -1.91342
      vertex 30 -2.24881 -0.682169
    endloop
  endfacet
  facet normal -1 0 0
    outer loop
      vertex 30 -1.6617 1.6617
      vertex 30 -3.53553 3.53553
      vertex 30 -3.17197 3.86505
    endloop
  endfacet
  facet normal -1 0 0
    outer loop
      vertex 30 -4.7847 -1.45142
      vertex 30 -2.24881 -0.682169
      vertex 30 -4.6194 -1.91342
    endloop
  endfacet
  facet normal -1 0 0
    outer loop
      vertex 30 -1.81657 1.49082
      vertex 30 -3.86505 3.17197
      vertex 30 -3.53553 3.53553
    endloop
  endfacet
  facet normal -1 -0 0
    outer loop
      vertex 30 -2.24881 -0.682169
      vertex 30 -4.7847 -1.45142
      vertex 30 -2.30484 -0.458462
    endloop
  endfacet
  facet normal -1 0 0
    outer loop
      vertex 30 -1.95395 1.30559
      vertex 30 -4.15735 2.77785
      vertex 30 -3.86505 3.17197
    endloop
  endfacet
  facet normal -1 0 0
    outer loop
      vertex 30 -4.90393 -0.975451
      vertex 30 -2.30484 -0.458462
      vertex 30 -4.7847 -1.45142
    endloop
  endfacet
  facet normal -1 0 0
    outer loop
      vertex 30 -2.07251 1.10778
      vertex 30 -4.40961 2.35698
      vertex 30 -4.15735 2.77785
    endloop
  endfacet
  facet normal -1 -0 0
    outer loop
      vertex 30 -2.30484 -0.458462
      vertex 30 -4.90393 -0.975451
      vertex 30 -2.33868 -0.23034
    endloop
  endfacet
  facet normal -1 0 0
    outer loop
      vertex 30 -2.17112 0.899305
      vertex 30 -4.6194 1.91342
      vertex 30 -4.40961 2.35698
    endloop
  endfacet
  facet normal -1 0 0
    outer loop
      vertex 30 -4.97592 -0.490086
      vertex 30 -2.33868 -0.23034
      vertex 30 -4.90393 -0.975451
    endloop
  endfacet
  facet normal -1 0 0
    outer loop
      vertex 30 -2.24881 0.682169
      vertex 30 -4.7847 1.45142
      vertex 30 -4.6194 1.91342
    endloop
  endfacet
  facet normal -1 -0 0
    outer loop
      vertex 30 -2.33868 -0.23034
      vertex 30 -4.97592 -0.490086
      vertex 30 -2.35 0
    endloop
  endfacet
  facet normal -1 0 0
    outer loop
      vertex 30 -2.30484 0.458462
      vertex 30 -4.90393 0.975451
      vertex 30 -4.7847 1.45142
    endloop
  endfacet
  facet normal -1 0 0
    outer loop
      vertex 30 -5 0
      vertex 30 -2.35 0
      vertex 30 -4.97592 -0.490086
    endloop
  endfacet
  facet normal -1 0 0
    outer loop
      vertex 30 -2.33868 0.23034
      vertex 30 -4.97592 0.490086
      vertex 30 -4.90393 0.975451
    endloop
  endfacet
  facet normal -1 0 0
    outer loop
      vertex 30 -2.35 0
      vertex 30 -5 0
      vertex 30 -4.97592 0.490086
    endloop
  endfacet
  facet normal 0 0.146716 -0.989179
    outer loop
      vertex 30 0.490086 -4.97592
      vertex 50 0.975451 -4.90393
      vertex 50 0.490086 -4.97592
    endloop
  endfacet
  facet normal 0 0.146716 -0.989179
    outer loop
      vertex 50 0.975451 -4.90393
      vertex 30 0.490086 -4.97592
      vertex 30 0.975451 -4.90393
    endloop
  endfacet
  facet normal 0 0.857728 -0.514103
    outer loop
      vertex 50 4.15735 -2.77785
      vertex 30 4.40961 -2.35698
      vertex 50 4.40961 -2.35698
    endloop
  endfacet
  facet normal 0 0.857728 -0.514103
    outer loop
      vertex 30 4.40961 -2.35698
      vertex 50 4.15735 -2.77785
      vertex 30 4.15735 -2.77785
    endloop
  endfacet
  facet normal 0 -0.903988 -0.427558
    outer loop
      vertex 30 -4.40961 -2.35698
      vertex 50 -4.6194 -1.91342
      vertex 30 -4.6194 -1.91342
    endloop
  endfacet
  facet normal 0 -0.903988 -0.427558
    outer loop
      vertex 50 -4.6194 -1.91342
      vertex 30 -4.40961 -2.35698
      vertex 50 -4.40961 -2.35698
    endloop
  endfacet
  facet normal 0 -0.049075 -0.998795
    outer loop
      vertex 30 -0.490086 -4.97592
      vertex 50 0 -5
      vertex 50 -0.490086 -4.97592
    endloop
  endfacet
  facet normal -0 -0.049075 -0.998795
    outer loop
      vertex 50 0 -5
      vertex 30 -0.490086 -4.97592
      vertex 30 0 -5
    endloop
  endfacet
  facet normal 0 0.803207 -0.5957
    outer loop
      vertex 50 3.86505 -3.17197
      vertex 30 4.15735 -2.77785
      vertex 50 4.15735 -2.77785
    endloop
  endfacet
  facet normal 0 0.803207 -0.5957
    outer loop
      vertex 30 4.15735 -2.77785
      vertex 50 3.86505 -3.17197
      vertex 30 3.86505 -3.17197
    endloop
  endfacet
  facet normal 0 -0.989179 -0.146716
    outer loop
      vertex 30 -4.90393 -0.975451
      vertex 50 -4.97592 -0.490086
      vertex 30 -4.97592 -0.490086
    endloop
  endfacet
  facet normal 0 -0.989179 -0.146716
    outer loop
      vertex 50 -4.97592 -0.490086
      vertex 30 -4.90393 -0.975451
      vertex 50 -4.90393 -0.975451
    endloop
  endfacet
  facet normal 0 0.336879 -0.941548
    outer loop
      vertex 30 1.45142 -4.7847
      vertex 50 1.91342 -4.6194
      vertex 50 1.45142 -4.7847
    endloop
  endfacet
  facet normal 0 0.336879 -0.941548
    outer loop
      vertex 50 1.91342 -4.6194
      vertex 30 1.45142 -4.7847
      vertex 30 1.91342 -4.6194
    endloop
  endfacet
  facet normal 0 -0.671568 -0.740943
    outer loop
      vertex 30 -3.53553 -3.53553
      vertex 50 -3.17197 -3.86505
      vertex 50 -3.53553 -3.53553
    endloop
  endfacet
  facet normal -0 -0.671568 -0.740943
    outer loop
      vertex 50 -3.17197 -3.86505
      vertex 30 -3.53553 -3.53553
      vertex 30 -3.17197 -3.86505
    endloop
  endfacet
  facet normal 0 -0.5957 -0.803207
    outer loop
      vertex 30 -3.17197 -3.86505
      vertex 50 -2.77785 -4.15735
      vertex 50 -3.17197 -3.86505
    endloop
  endfacet
  facet normal -0 -0.5957 -0.803207
    outer loop
      vertex 50 -2.77785 -4.15735
      vertex 30 -3.17197 -3.86505
      vertex 30 -2.77785 -4.15735
    endloop
  endfacet
  facet normal 0 -0.336879 -0.941548
    outer loop
      vertex 30 -1.91342 -4.6194
      vertex 50 -1.45142 -4.7847
      vertex 50 -1.91342 -4.6194
    endloop
  endfacet
  facet normal -0 -0.336879 -0.941548
    outer loop
      vertex 50 -1.45142 -4.7847
      vertex 30 -1.91342 -4.6194
      vertex 30 -1.45142 -4.7847
    endloop
  endfacet
  facet normal 1 0 0
    outer loop
      vertex 50 0 5
      vertex 50 -0.23034 2.33868
      vertex 50 0 2.35
    endloop
  endfacet
  facet normal 1 -0 0
    outer loop
      vertex 50 -0.490086 4.97592
      vertex 50 -0.23034 2.33868
      vertex 50 0 5
    endloop
  endfacet
  facet normal 1 0 0
    outer loop
      vertex 50 -0.23034 2.33868
      vertex 50 -0.490086 4.97592
      vertex 50 -0.458462 2.30484
    endloop
  endfacet
  facet normal 1 -0 0
    outer loop
      vertex 50 -0.975451 4.90393
      vertex 50 -0.458462 2.30484
      vertex 50 -0.490086 4.97592
    endloop
  endfacet
  facet normal 1 0 0
    outer loop
      vertex 50 -0.458462 2.30484
      vertex 50 -0.975451 4.90393
      vertex 50 -0.682169 2.24881
    endloop
  endfacet
  facet normal 1 -0 0
    outer loop
      vertex 50 -1.45142 4.7847
      vertex 50 -0.682169 2.24881
      vertex 50 -0.975451 4.90393
    endloop
  endfacet
  facet normal 1 0 0
    outer loop
      vertex 50 -0.682169 2.24881
      vertex 50 -1.45142 4.7847
      vertex 50 -0.899305 2.17112
    endloop
  endfacet
  facet normal 1 -0 0
    outer loop
      vertex 50 -1.91342 4.6194
      vertex 50 -0.899305 2.17112
      vertex 50 -1.45142 4.7847
    endloop
  endfacet
  facet normal 1 0 0
    outer loop
      vertex 50 -0.899305 2.17112
      vertex 50 -1.91342 4.6194
      vertex 50 -1.10778 2.07251
    endloop
  endfacet
  facet normal 1 -0 0
    outer loop
      vertex 50 -2.35698 4.40961
      vertex 50 -1.10778 2.07251
      vertex 50 -1.91342 4.6194
    endloop
  endfacet
  facet normal 1 0 0
    outer loop
      vertex 50 -1.10778 2.07251
      vertex 50 -2.35698 4.40961
      vertex 50 -1.30559 1.95395
    endloop
  endfacet
  facet normal 1 -0 0
    outer loop
      vertex 50 -2.77785 4.15735
      vertex 50 -1.30559 1.95395
      vertex 50 -2.35698 4.40961
    endloop
  endfacet
  facet normal 1 0 0
    outer loop
      vertex 50 -1.30559 1.95395
      vertex 50 -2.77785 4.15735
      vertex 50 -1.49082 1.81657
    endloop
  endfacet
  facet normal 1 -0 0
    outer loop
      vertex 50 -3.17197 3.86505
      vertex 50 -1.49082 1.81657
      vertex 50 -2.77785 4.15735
    endloop
  endfacet
  facet normal 1 0 0
    outer loop
      vertex 50 -1.49082 1.81657
      vertex 50 -3.17197 3.86505
      vertex 50 -1.6617 1.6617
    endloop
  endfacet
  facet normal 1 -0 0
    outer loop
      vertex 50 -3.53553 3.53553
      vertex 50 -1.6617 1.6617
      vertex 50 -3.17197 3.86505
    endloop
  endfacet
  facet normal 1 0 0
    outer loop
      vertex 50 -1.6617 1.6617
      vertex 50 -3.53553 3.53553
      vertex 50 -1.81657 1.49082
    endloop
  endfacet
  facet normal 1 -0 0
    outer loop
      vertex 50 -3.86505 3.17197
      vertex 50 -1.81657 1.49082
      vertex 50 -3.53553 3.53553
    endloop
  endfacet
  facet normal 1 0 0
    outer loop
      vertex 50 -1.81657 1.49082
      vertex 50 -3.86505 3.17197
      vertex 50 -1.95395 1.30559
    endloop
  endfacet
  facet normal 1 0 0
    outer loop
      vertex 50 -1.95395 1.30559
      vertex 50 -4.15735 2.77785
      vertex 50 -2.07251 1.10778
    endloop
  endfacet
  facet normal 1 -0 0
    outer loop
      vertex 50 -4.15735 2.77785
      vertex 50 -1.95395 1.30559
      vertex 50 -3.86505 3.17197
    endloop
  endfacet
  facet normal 1 -0 0
    outer loop
      vertex 50 2.33868 -0.23034
      vertex 50 4.97592 -0.490086
      vertex 50 5 0
    endloop
  endfacet
  facet normal 1 0 0
    outer loop
      vertex 50 4.97592 -0.490086
      vertex 50 2.33868 -0.23034
      vertex 50 4.90393 -0.975451
    endloop
  endfacet
  facet normal 1 0 0
    outer loop
      vertex 50 4.90393 -0.975451
      vertex 50 2.30484 -0.458462
      vertex 50 4.7847 -1.45142
    endloop
  endfacet
  facet normal 1 -0 0
    outer loop
      vertex 50 2.24881 -0.682169
      vertex 50 4.7847 -1.45142
      vertex 50 2.30484 -0.458462
    endloop
  endfacet
  facet normal 1 -0 0
    outer loop
      vertex 50 2.17112 -0.899305
      vertex 50 4.6194 -1.91342
      vertex 50 2.24881 -0.682169
    endloop
  endfacet
  facet normal 1 0 0
    outer loop
      vertex 50 4.6194 -1.91342
      vertex 50 2.17112 -0.899305
      vertex 50 4.40961 -2.35698
    endloop
  endfacet
  facet normal 1 0 0
    outer loop
      vertex 50 4.40961 -2.35698
      vertex 50 2.07251 -1.10778
      vertex 50 4.15735 -2.77785
    endloop
  endfacet
  facet normal 1 -0 0
    outer loop
      vertex 50 1.95395 -1.30559
      vertex 50 4.15735 -2.77785
      vertex 50 2.07251 -1.10778
    endloop
  endfacet
  facet normal 1 -0 0
    outer loop
      vertex 50 1.81657 -1.49082
      vertex 50 3.86505 -3.17197
      vertex 50 1.95395 -1.30559
    endloop
  endfacet
  facet normal 1 0 0
    outer loop
      vertex 50 3.86505 -3.17197
      vertex 50 1.81657 -1.49082
      vertex 50 3.53553 -3.53553
    endloop
  endfacet
  facet normal 1 0 0
    outer loop
      vertex 50 2.33868 -0.23034
      vertex 50 5 0
      vertex 50 2.35 0
    endloop
  endfacet
  facet normal 1 0 0
    outer loop
      vertex 50 4.90393 -0.975451
      vertex 50 2.33868 -0.23034
      vertex 50 2.30484 -0.458462
    endloop
  endfacet
  facet normal 1 0 0
    outer loop
      vertex 50 4.7847 -1.45142
      vertex 50 2.24881 -0.682169
      vertex 50 4.6194 -1.91342
    endloop
  endfacet
  facet normal 1 -0 0
    outer loop
      vertex 50 2.07251 -1.10778
      vertex 50 4.40961 -2.35698
      vertex 50 2.17112 -0.899305
    endloop
  endfacet
  facet normal 1 0 0
    outer loop
      vertex 50 4.15735 -2.77785
      vertex 50 1.95395 -1.30559
      vertex 50 3.86505 -3.17197
    endloop
  endfacet
  facet normal 1 -0 0
    outer loop
      vertex 50 1.6617 -1.6617
      vertex 50 3.53553 -3.53553
      vertex 50 1.81657 -1.49082
    endloop
  endfacet
  facet normal 1 0 0
    outer loop
      vertex 50 3.53553 -3.53553
      vertex 50 1.6617 -1.6617
      vertex 50 3.17197 -3.86505
    endloop
  endfacet
  facet normal 1 -0 0
    outer loop
      vertex 50 1.49082 -1.81657
      vertex 50 3.17197 -3.86505
      vertex 50 1.6617 -1.6617
    endloop
  endfacet
  facet normal 1 0 0
    outer loop
      vertex 50 3.17197 -3.86505
      vertex 50 1.49082 -1.81657
      vertex 50 2.77785 -4.15735
    endloop
  endfacet
  facet normal 1 -0 0
    outer loop
      vertex 50 1.30559 -1.95395
      vertex 50 2.77785 -4.15735
      vertex 50 1.49082 -1.81657
    endloop
  endfacet
  facet normal 1 0 0
    outer loop
      vertex 50 2.77785 -4.15735
      vertex 50 1.30559 -1.95395
      vertex 50 2.35698 -4.40961
    endloop
  endfacet
  facet normal 1 -0 0
    outer loop
      vertex 50 1.10778 -2.07251
      vertex 50 2.35698 -4.40961
      vertex 50 1.30559 -1.95395
    endloop
  endfacet
  facet normal 1 0 0
    outer loop
      vertex 50 2.35698 -4.40961
      vertex 50 1.10778 -2.07251
      vertex 50 1.91342 -4.6194
    endloop
  endfacet
  facet normal 1 -0 0
    outer loop
      vertex 50 0.899305 -2.17112
      vertex 50 1.91342 -4.6194
      vertex 50 1.10778 -2.07251
    endloop
  endfacet
  facet normal 1 0 0
    outer loop
      vertex 50 1.91342 -4.6194
      vertex 50 0.899305 -2.17112
      vertex 50 1.45142 -4.7847
    endloop
  endfacet
  facet normal 1 -0 0
    outer loop
      vertex 50 0.682169 -2.24881
      vertex 50 1.45142 -4.7847
      vertex 50 0.899305 -2.17112
    endloop
  endfacet
  facet normal 1 0 0
    outer loop
      vertex 50 1.45142 -4.7847
      vertex 50 0.682169 -2.24881
      vertex 50 0.975451 -4.90393
    endloop
  endfacet
  facet normal 1 -0 0
    outer loop
      vertex 50 0.458462 -2.30484
      vertex 50 0.975451 -4.90393
      vertex 50 0.682169 -2.24881
    endloop
  endfacet
  facet normal 1 0 0
    outer loop
      vertex 50 0.975451 -4.90393
      vertex 50 0.458462 -2.30484
      vertex 50 0.490086 -4.97592
    endloop
  endfacet
  facet normal 1 -0 0
    outer loop
      vertex 50 0.23034 -2.33868
      vertex 50 0.490086 -4.97592
      vertex 50 0.458462 -2.30484
    endloop
  endfacet
  facet normal 1 -0 0
    outer loop
      vertex 50 0 -2.35
      vertex 50 0.490086 -4.97592
      vertex 50 0.23034 -2.33868
    endloop
  endfacet
  facet normal 1 0 0
    outer loop
      vertex 50 0 -2.35
      vertex 50 0 -5
      vertex 50 0.490086 -4.97592
    endloop
  endfacet
  facet normal 1 0 0
    outer loop
      vertex 50 -0.23034 -2.33868
      vertex 50 0 -5
      vertex 50 0 -2.35
    endloop
  endfacet
  facet normal 1 0 0
    outer loop
      vertex 50 -0.490086 -4.97592
      vertex 50 -0.23034 -2.33868
      vertex 50 -0.458462 -2.30484
    endloop
  endfacet
  facet normal 1 0 0
    outer loop
      vertex 50 -0.23034 -2.33868
      vertex 50 -0.490086 -4.97592
      vertex 50 0 -5
    endloop
  endfacet
  facet normal 1 0 0
    outer loop
      vertex 50 -0.975451 -4.90393
      vertex 50 -0.458462 -2.30484
      vertex 50 -0.682169 -2.24881
    endloop
  endfacet
  facet normal 1 0 0
    outer loop
      vertex 50 -1.45142 -4.7847
      vertex 50 -0.682169 -2.24881
      vertex 50 -0.899305 -2.17112
    endloop
  endfacet
  facet normal 1 0 0
    outer loop
      vertex 50 -0.458462 -2.30484
      vertex 50 -0.975451 -4.90393
      vertex 50 -0.490086 -4.97592
    endloop
  endfacet
  facet normal 1 0 0
    outer loop
      vertex 50 -1.91342 -4.6194
      vertex 50 -0.899305 -2.17112
      vertex 50 -1.10778 -2.07251
    endloop
  endfacet
  facet normal 1 0 0
    outer loop
      vertex 50 -2.35698 -4.40961
      vertex 50 -1.10778 -2.07251
      vertex 50 -1.30559 -1.95395
    endloop
  endfacet
  facet normal 1 0 0
    outer loop
      vertex 50 -0.682169 -2.24881
      vertex 50 -1.45142 -4.7847
      vertex 50 -0.975451 -4.90393
    endloop
  endfacet
  facet normal 1 0 0
    outer loop
      vertex 50 -2.77785 -4.15735
      vertex 50 -1.30559 -1.95395
      vertex 50 -1.49082 -1.81657
    endloop
  endfacet
  facet normal 1 0 0
    outer loop
      vertex 50 -3.17197 -3.86505
      vertex 50 -1.49082 -1.81657
      vertex 50 -1.6617 -1.6617
    endloop
  endfacet
  facet normal 1 0 0
    outer loop
      vertex 50 -3.53553 -3.53553
      vertex 50 -1.6617 -1.6617
      vertex 50 -1.81657 -1.49082
    endloop
  endfacet
  facet normal 1 0 0
    outer loop
      vertex 50 -0.899305 -2.17112
      vertex 50 -1.91342 -4.6194
      vertex 50 -1.45142 -4.7847
    endloop
  endfacet
  facet normal 1 0 0
    outer loop
      vertex 50 -3.86505 -3.17197
      vertex 50 -1.81657 -1.49082
      vertex 50 -1.95395 -1.30559
    endloop
  endfacet
  facet normal 1 0 0
    outer loop
      vertex 50 -4.15735 -2.77785
      vertex 50 -1.95395 -1.30559
      vertex 50 -2.07251 -1.10778
    endloop
  endfacet
  facet normal 1 0 0
    outer loop
      vertex 50 -4.40961 -2.35698
      vertex 50 -2.07251 -1.10778
      vertex 50 -2.17112 -0.899305
    endloop
  endfacet
  facet normal 1 0 0
    outer loop
      vertex 50 -4.6194 -1.91342
      vertex 50 -2.17112 -0.899305
      vertex 50 -2.24881 -0.682169
    endloop
  endfacet
  facet normal 1 0 0
    outer loop
      vertex 50 -4.7847 -1.45142
      vertex 50 -2.24881 -0.682169
      vertex 50 -2.30484 -0.458462
    endloop
  endfacet
  facet normal 1 0 0
    outer loop
      vertex 50 -4.90393 -0.975451
      vertex 50 -2.30484 -0.458462
      vertex 50 -2.33868 -0.23034
    endloop
  endfacet
  facet normal 1 0 0
    outer loop
      vertex 50 -1.10778 -2.07251
      vertex 50 -2.35698 -4.40961
      vertex 50 -1.91342 -4.6194
    endloop
  endfacet
  facet normal 1 0 0
    outer loop
      vertex 50 -4.97592 -0.490086
      vertex 50 -2.33868 -0.23034
      vertex 50 -2.35 0
    endloop
  endfacet
  facet normal 1 -0 0
    outer loop
      vertex 50 -4.40961 2.35698
      vertex 50 -2.07251 1.10778
      vertex 50 -4.15735 2.77785
    endloop
  endfacet
  facet normal 1 0 0
    outer loop
      vertex 50 -2.07251 1.10778
      vertex 50 -4.40961 2.35698
      vertex 50 -2.17112 0.899305
    endloop
  endfacet
  facet normal 1 0 0
    outer loop
      vertex 50 -1.30559 -1.95395
      vertex 50 -2.77785 -4.15735
      vertex 50 -2.35698 -4.40961
    endloop
  endfacet
  facet normal 1 -0 0
    outer loop
      vertex 50 -4.6194 1.91342
      vertex 50 -2.17112 0.899305
      vertex 50 -4.40961 2.35698
    endloop
  endfacet
  facet normal 1 0 0
    outer loop
      vertex 50 -1.49082 -1.81657
      vertex 50 -3.17197 -3.86505
      vertex 50 -2.77785 -4.15735
    endloop
  endfacet
  facet normal 1 0 0
    outer loop
      vertex 50 -2.17112 0.899305
      vertex 50 -4.6194 1.91342
      vertex 50 -2.24881 0.682169
    endloop
  endfacet
  facet normal 1 0 0
    outer loop
      vertex 50 -1.6617 -1.6617
      vertex 50 -3.53553 -3.53553
      vertex 50 -3.17197 -3.86505
    endloop
  endfacet
  facet normal 1 -0 0
    outer loop
      vertex 50 -4.7847 1.45142
      vertex 50 -2.24881 0.682169
      vertex 50 -4.6194 1.91342
    endloop
  endfacet
  facet normal 1 0 0
    outer loop
      vertex 50 -1.81657 -1.49082
      vertex 50 -3.86505 -3.17197
      vertex 50 -3.53553 -3.53553
    endloop
  endfacet
  facet normal 1 0 0
    outer loop
      vertex 50 -2.24881 0.682169
      vertex 50 -4.7847 1.45142
      vertex 50 -2.30484 0.458462
    endloop
  endfacet
  facet normal 1 0 0
    outer loop
      vertex 50 -1.95395 -1.30559
      vertex 50 -4.15735 -2.77785
      vertex 50 -3.86505 -3.17197
    endloop
  endfacet
  facet normal 1 -0 0
    outer loop
      vertex 50 -4.90393 0.975451
      vertex 50 -2.30484 0.458462
      vertex 50 -4.7847 1.45142
    endloop
  endfacet
  facet normal 1 0 0
    outer loop
      vertex 50 -2.07251 -1.10778
      vertex 50 -4.40961 -2.35698
      vertex 50 -4.15735 -2.77785
    endloop
  endfacet
  facet normal 1 0 0
    outer loop
      vertex 50 -2.30484 0.458462
      vertex 50 -4.90393 0.975451
      vertex 50 -2.33868 0.23034
    endloop
  endfacet
  facet normal 1 0 0
    outer loop
      vertex 50 -2.17112 -0.899305
      vertex 50 -4.6194 -1.91342
      vertex 50 -4.40961 -2.35698
    endloop
  endfacet
  facet normal 1 -0 0
    outer loop
      vertex 50 -4.97592 0.490086
      vertex 50 -2.33868 0.23034
      vertex 50 -4.90393 0.975451
    endloop
  endfacet
  facet normal 1 0 0
    outer loop
      vertex 50 -2.24881 -0.682169
      vertex 50 -4.7847 -1.45142
      vertex 50 -4.6194 -1.91342
    endloop
  endfacet
  facet normal 1 0 0
    outer loop
      vertex 50 -2.33868 0.23034
      vertex 50 -4.97592 0.490086
      vertex 50 -2.35 0
    endloop
  endfacet
  facet normal 1 0 0
    outer loop
      vertex 50 -2.30484 -0.458462
      vertex 50 -4.90393 -0.975451
      vertex 50 -4.7847 -1.45142
    endloop
  endfacet
  facet normal 1 0 0
    outer loop
      vertex 50 -5 0
      vertex 50 -2.35 0
      vertex 50 -4.97592 0.490086
    endloop
  endfacet
  facet normal 1 0 0
    outer loop
      vertex 50 -2.33868 -0.23034
      vertex 50 -4.97592 -0.490086
      vertex 50 -4.90393 -0.975451
    endloop
  endfacet
  facet normal 1 0 0
    outer loop
      vertex 50 -2.35 0
      vertex 50 -5 0
      vertex 50 -4.97592 -0.490086
    endloop
  endfacet
  facet normal 0 0.989179 -0.146716
    outer loop
      vertex 50 4.90393 -0.975451
      vertex 30 4.97592 -0.490086
      vertex 50 4.97592 -0.490086
    endloop
  endfacet
  facet normal 0 0.989179 -0.146716
    outer loop
      vertex 30 4.97592 -0.490086
      vertex 50 4.90393 -0.975451
      vertex 30 4.90393 -0.975451
    endloop
  endfacet
  facet normal 0 -0.427558 0.903988
    outer loop
      vertex 30 -1.91342 4.6194
      vertex 50 -2.35698 4.40961
      vertex 50 -1.91342 4.6194
    endloop
  endfacet
  facet normal 0 -0.427558 0.903988
    outer loop
      vertex 50 -2.35698 4.40961
      vertex 30 -1.91342 4.6194
      vertex 30 -2.35698 4.40961
    endloop
  endfacet
  facet normal 0 -0.514103 0.857728
    outer loop
      vertex 30 -2.35698 4.40961
      vertex 50 -2.77785 4.15735
      vertex 50 -2.35698 4.40961
    endloop
  endfacet
  facet normal 0 -0.514103 0.857728
    outer loop
      vertex 50 -2.77785 4.15735
      vertex 30 -2.35698 4.40961
      vertex 30 -2.77785 4.15735
    endloop
  endfacet
  facet normal 0 -0.803207 -0.5957
    outer loop
      vertex 30 -3.86505 -3.17197
      vertex 50 -4.15735 -2.77785
      vertex 30 -4.15735 -2.77785
    endloop
  endfacet
  facet normal 0 -0.803207 -0.5957
    outer loop
      vertex 50 -4.15735 -2.77785
      vertex 30 -3.86505 -3.17197
      vertex 50 -3.86505 -3.17197
    endloop
  endfacet
  facet normal 0 0.671568 -0.740943
    outer loop
      vertex 30 3.17197 -3.86505
      vertex 50 3.53553 -3.53553
      vertex 50 3.17197 -3.86505
    endloop
  endfacet
  facet normal 0 0.671568 -0.740943
    outer loop
      vertex 50 3.53553 -3.53553
      vertex 30 3.17197 -3.86505
      vertex 30 3.53553 -3.53553
    endloop
  endfacet
  facet normal 0 -0.146716 0.989179
    outer loop
      vertex 30 -0.490086 4.97592
      vertex 50 -0.975451 4.90393
      vertex 50 -0.490086 4.97592
    endloop
  endfacet
  facet normal 0 -0.146716 0.989179
    outer loop
      vertex 50 -0.975451 4.90393
      vertex 30 -0.490086 4.97592
      vertex 30 -0.975451 4.90393
    endloop
  endfacet
  facet normal 0 -0.671568 0.740943
    outer loop
      vertex 30 -3.17197 3.86505
      vertex 50 -3.53553 3.53553
      vertex 50 -3.17197 3.86505
    endloop
  endfacet
  facet normal 0 -0.671568 0.740943
    outer loop
      vertex 50 -3.53553 3.53553
      vertex 30 -3.17197 3.86505
      vertex 30 -3.53553 3.53553
    endloop
  endfacet
  facet normal 0 -0.5957 0.803207
    outer loop
      vertex 30 -2.77785 4.15735
      vertex 50 -3.17197 3.86505
      vertex 50 -2.77785 4.15735
    endloop
  endfacet
  facet normal 0 -0.5957 0.803207
    outer loop
      vertex 50 -3.17197 3.86505
      vertex 30 -2.77785 4.15735
      vertex 30 -3.17197 3.86505
    endloop
  endfacet
  facet normal 0 -0.049075 0.998795
    outer loop
      vertex 30 0 5
      vertex 50 -0.490086 4.97592
      vertex 50 0 5
    endloop
  endfacet
  facet normal 0 -0.049075 0.998795
    outer loop
      vertex 50 -0.490086 4.97592
      vertex 30 0 5
      vertex 30 -0.490086 4.97592
    endloop
  endfacet
  facet normal 0 0.970028 -0.242992
    outer loop
      vertex 50 4.7847 -1.45142
      vertex 30 4.90393 -0.975451
      vertex 50 4.90393 -0.975451
    endloop
  endfacet
  facet normal 0 0.970028 -0.242992
    outer loop
      vertex 30 4.90393 -0.975451
      vertex 50 4.7847 -1.45142
      vertex 30 4.7847 -1.45142
    endloop
  endfacet
  facet normal 0 -0.857728 -0.514103
    outer loop
      vertex 30 -4.15735 -2.77785
      vertex 50 -4.40961 -2.35698
      vertex 30 -4.40961 -2.35698
    endloop
  endfacet
  facet normal 0 -0.857728 -0.514103
    outer loop
      vertex 50 -4.40961 -2.35698
      vertex 30 -4.15735 -2.77785
      vertex 50 -4.15735 -2.77785
    endloop
  endfacet
  facet normal 0 -0.803207 0.5957
    outer loop
      vertex 30 -4.15735 2.77785
      vertex 50 -3.86505 3.17197
      vertex 30 -3.86505 3.17197
    endloop
  endfacet
  facet normal 0 -0.803207 0.5957
    outer loop
      vertex 50 -3.86505 3.17197
      vertex 30 -4.15735 2.77785
      vertex 50 -4.15735 2.77785
    endloop
  endfacet
  facet normal 0 -0.740943 0.671568
    outer loop
      vertex 30 -3.86505 3.17197
      vertex 50 -3.53553 3.53553
      vertex 30 -3.53553 3.53553
    endloop
  endfacet
  facet normal 0 -0.740943 0.671568
    outer loop
      vertex 50 -3.53553 3.53553
      vertex 30 -3.86505 3.17197
      vertex 50 -3.86505 3.17197
    endloop
  endfacet
  facet normal 0 -0.998795 0.049075
    outer loop
      vertex 30 -5 0
      vertex 50 -4.97592 0.490086
      vertex 30 -4.97592 0.490086
    endloop
  endfacet
  facet normal 0 -0.998795 0.049075
    outer loop
      vertex 50 -4.97592 0.490086
      vertex 30 -5 0
      vertex 50 -5 0
    endloop
  endfacet
  facet normal 0 -0.989179 0.146716
    outer loop
      vertex 30 -4.97592 0.490086
      vertex 50 -4.90393 0.975451
      vertex 30 -4.90393 0.975451
    endloop
  endfacet
  facet normal 0 -0.989179 0.146716
    outer loop
      vertex 50 -4.90393 0.975451
      vertex 30 -4.97592 0.490086
      vertex 50 -4.97592 0.490086
    endloop
  endfacet
  facet normal 0 -0.941548 0.336879
    outer loop
      vertex 30 -4.7847 1.45142
      vertex 50 -4.6194 1.91342
      vertex 30 -4.6194 1.91342
    endloop
  endfacet
  facet normal 0 -0.941548 0.336879
    outer loop
      vertex 50 -4.6194 1.91342
      vertex 30 -4.7847 1.45142
      vertex 50 -4.7847 1.45142
    endloop
  endfacet
  facet normal 0 -0.740943 -0.671568
    outer loop
      vertex 30 -3.53553 -3.53553
      vertex 50 -3.86505 -3.17197
      vertex 30 -3.86505 -3.17197
    endloop
  endfacet
  facet normal 0 -0.740943 -0.671568
    outer loop
      vertex 50 -3.86505 -3.17197
      vertex 30 -3.53553 -3.53553
      vertex 50 -3.53553 -3.53553
    endloop
  endfacet
  facet normal 0 0.242992 -0.970028
    outer loop
      vertex 125 0.975451 -4.90393
      vertex 145 1.45142 -4.7847
      vertex 145 0.975451 -4.90393
    endloop
  endfacet
  facet normal 0 0.242992 -0.970028
    outer loop
      vertex 145 1.45142 -4.7847
      vertex 125 0.975451 -4.90393
      vertex 125 1.45142 -4.7847
    endloop
  endfacet
  facet normal 0 -0.941548 -0.336879
    outer loop
      vertex 125 -4.6194 -1.91342
      vertex 145 -4.7847 -1.45142
      vertex 125 -4.7847 -1.45142
    endloop
  endfacet
  facet normal 0 -0.941548 -0.336879
    outer loop
      vertex 145 -4.7847 -1.45142
      vertex 125 -4.6194 -1.91342
      vertex 145 -4.6194 -1.91342
    endloop
  endfacet
  facet normal 0 0.514103 -0.857728
    outer loop
      vertex 125 2.35698 -4.40961
      vertex 145 2.77785 -4.15735
      vertex 145 2.35698 -4.40961
    endloop
  endfacet
  facet normal 0 0.514103 -0.857728
    outer loop
      vertex 145 2.77785 -4.15735
      vertex 125 2.35698 -4.40961
      vertex 125 2.77785 -4.15735
    endloop
  endfacet
  facet normal 0 -0.427558 -0.903988
    outer loop
      vertex 125 -2.35698 -4.40961
      vertex 145 -1.91342 -4.6194
      vertex 145 -2.35698 -4.40961
    endloop
  endfacet
  facet normal -0 -0.427558 -0.903988
    outer loop
      vertex 145 -1.91342 -4.6194
      vertex 125 -2.35698 -4.40961
      vertex 125 -1.91342 -4.6194
    endloop
  endfacet
  facet normal 0 0.049075 -0.998795
    outer loop
      vertex 125 0 -5
      vertex 145 0.490086 -4.97592
      vertex 145 0 -5
    endloop
  endfacet
  facet normal 0 0.049075 -0.998795
    outer loop
      vertex 145 0.490086 -4.97592
      vertex 125 0 -5
      vertex 125 0.490086 -4.97592
    endloop
  endfacet
  facet normal 0 0.941548 -0.336879
    outer loop
      vertex 145 4.6194 -1.91342
      vertex 125 4.7847 -1.45142
      vertex 145 4.7847 -1.45142
    endloop
  endfacet
  facet normal 0 0.941548 -0.336879
    outer loop
      vertex 125 4.7847 -1.45142
      vertex 145 4.6194 -1.91342
      vertex 125 4.6194 -1.91342
    endloop
  endfacet
  facet normal 0 -0.857728 0.514103
    outer loop
      vertex 125 -4.40961 2.35698
      vertex 145 -4.15735 2.77785
      vertex 125 -4.15735 2.77785
    endloop
  endfacet
  facet normal 0 -0.857728 0.514103
    outer loop
      vertex 145 -4.15735 2.77785
      vertex 125 -4.40961 2.35698
      vertex 145 -4.40961 2.35698
    endloop
  endfacet
  facet normal 0 -0.336879 0.941548
    outer loop
      vertex 125 -1.45142 4.7847
      vertex 145 -1.91342 4.6194
      vertex 145 -1.45142 4.7847
    endloop
  endfacet
  facet normal 0 -0.336879 0.941548
    outer loop
      vertex 145 -1.91342 4.6194
      vertex 125 -1.45142 4.7847
      vertex 125 -1.91342 4.6194
    endloop
  endfacet
  facet normal 0 0.427558 -0.903988
    outer loop
      vertex 125 1.91342 -4.6194
      vertex 145 2.35698 -4.40961
      vertex 145 1.91342 -4.6194
    endloop
  endfacet
  facet normal 0 0.427558 -0.903988
    outer loop
      vertex 145 2.35698 -4.40961
      vertex 125 1.91342 -4.6194
      vertex 125 2.35698 -4.40961
    endloop
  endfacet
  facet normal 0 -0.970028 0.242992
    outer loop
      vertex 125 -4.90393 0.975451
      vertex 145 -4.7847 1.45142
      vertex 125 -4.7847 1.45142
    endloop
  endfacet
  facet normal 0 -0.970028 0.242992
    outer loop
      vertex 145 -4.7847 1.45142
      vertex 125 -4.90393 0.975451
      vertex 145 -4.90393 0.975451
    endloop
  endfacet
  facet normal 0 -0.903988 0.427558
    outer loop
      vertex 125 -4.6194 1.91342
      vertex 145 -4.40961 2.35698
      vertex 125 -4.40961 2.35698
    endloop
  endfacet
  facet normal 0 -0.903988 0.427558
    outer loop
      vertex 145 -4.40961 2.35698
      vertex 125 -4.6194 1.91342
      vertex 145 -4.6194 1.91342
    endloop
  endfacet
  facet normal 0 -0.998795 -0.049075
    outer loop
      vertex 125 -4.97592 -0.490086
      vertex 145 -5 0
      vertex 125 -5 0
    endloop
  endfacet
  facet normal 0 -0.998795 -0.049075
    outer loop
      vertex 145 -5 0
      vertex 125 -4.97592 -0.490086
      vertex 145 -4.97592 -0.490086
    endloop
  endfacet
  facet normal 0 0.998795 -0.049075
    outer loop
      vertex 145 4.97592 -0.490086
      vertex 125 5 0
      vertex 145 5 0
    endloop
  endfacet
  facet normal 0 0.998795 -0.049075
    outer loop
      vertex 125 5 0
      vertex 145 4.97592 -0.490086
      vertex 125 4.97592 -0.490086
    endloop
  endfacet
  facet normal 0 -0.514103 -0.857728
    outer loop
      vertex 125 -2.77785 -4.15735
      vertex 145 -2.35698 -4.40961
      vertex 145 -2.77785 -4.15735
    endloop
  endfacet
  facet normal -0 -0.514103 -0.857728
    outer loop
      vertex 145 -2.35698 -4.40961
      vertex 125 -2.77785 -4.15735
      vertex 125 -2.35698 -4.40961
    endloop
  endfacet
  facet normal 0 0.740943 -0.671568
    outer loop
      vertex 145 3.53553 -3.53553
      vertex 125 3.86505 -3.17197
      vertex 145 3.86505 -3.17197
    endloop
  endfacet
  facet normal 0 0.740943 -0.671568
    outer loop
      vertex 125 3.86505 -3.17197
      vertex 145 3.53553 -3.53553
      vertex 125 3.53553 -3.53553
    endloop
  endfacet
  facet normal 0 -0.970028 -0.242992
    outer loop
      vertex 125 -4.7847 -1.45142
      vertex 145 -4.90393 -0.975451
      vertex 125 -4.90393 -0.975451
    endloop
  endfacet
  facet normal 0 -0.970028 -0.242992
    outer loop
      vertex 145 -4.90393 -0.975451
      vertex 125 -4.7847 -1.45142
      vertex 145 -4.7847 -1.45142
    endloop
  endfacet
  facet normal 0 -0.146716 -0.989179
    outer loop
      vertex 125 -0.975451 -4.90393
      vertex 145 -0.490086 -4.97592
      vertex 145 -0.975451 -4.90393
    endloop
  endfacet
  facet normal -0 -0.146716 -0.989179
    outer loop
      vertex 145 -0.490086 -4.97592
      vertex 125 -0.975451 -4.90393
      vertex 125 -0.490086 -4.97592
    endloop
  endfacet
  facet normal 0 -0.857728 -0.514103
    outer loop
      vertex 125 -4.15735 -2.77785
      vertex 145 -4.40961 -2.35698
      vertex 125 -4.40961 -2.35698
    endloop
  endfacet
  facet normal 0 -0.857728 -0.514103
    outer loop
      vertex 145 -4.40961 -2.35698
      vertex 125 -4.15735 -2.77785
      vertex 145 -4.15735 -2.77785
    endloop
  endfacet
  facet normal 0 0.903988 -0.427558
    outer loop
      vertex 145 4.40961 -2.35698
      vertex 125 4.6194 -1.91342
      vertex 145 4.6194 -1.91342
    endloop
  endfacet
  facet normal 0 0.903988 -0.427558
    outer loop
      vertex 125 4.6194 -1.91342
      vertex 145 4.40961 -2.35698
      vertex 125 4.40961 -2.35698
    endloop
  endfacet
  facet normal 0 0.5957 -0.803207
    outer loop
      vertex 125 2.77785 -4.15735
      vertex 145 3.17197 -3.86505
      vertex 145 2.77785 -4.15735
    endloop
  endfacet
  facet normal 0 0.5957 -0.803207
    outer loop
      vertex 145 3.17197 -3.86505
      vertex 125 2.77785 -4.15735
      vertex 125 3.17197 -3.86505
    endloop
  endfacet
  facet normal 0 -0.242992 0.970028
    outer loop
      vertex 125 -0.975451 4.90393
      vertex 145 -1.45142 4.7847
      vertex 145 -0.975451 4.90393
    endloop
  endfacet
  facet normal 0 -0.242992 0.970028
    outer loop
      vertex 145 -1.45142 4.7847
      vertex 125 -0.975451 4.90393
      vertex 125 -1.45142 4.7847
    endloop
  endfacet
  facet normal 0 -0.242992 -0.970028
    outer loop
      vertex 125 -1.45142 -4.7847
      vertex 145 -0.975451 -4.90393
      vertex 145 -1.45142 -4.7847
    endloop
  endfacet
  facet normal -0 -0.242992 -0.970028
    outer loop
      vertex 145 -0.975451 -4.90393
      vertex 125 -1.45142 -4.7847
      vertex 125 -0.975451 -4.90393
    endloop
  endfacet
  facet normal -1 0 0
    outer loop
      vertex 125 2.33868 -0.23034
      vertex 125 4.97592 -0.490086
      vertex 125 4.90393 -0.975451
    endloop
  endfacet
  facet normal -1 0 0
    outer loop
      vertex 125 2.30484 -0.458462
      vertex 125 4.90393 -0.975451
      vertex 125 4.7847 -1.45142
    endloop
  endfacet
  facet normal -1 0 0
    outer loop
      vertex 125 2.24881 -0.682169
      vertex 125 4.7847 -1.45142
      vertex 125 4.6194 -1.91342
    endloop
  endfacet
  facet normal -1 0 0
    outer loop
      vertex 125 2.17112 -0.899305
      vertex 125 4.6194 -1.91342
      vertex 125 4.40961 -2.35698
    endloop
  endfacet
  facet normal -1 0 0
    outer loop
      vertex 125 2.07251 -1.10778
      vertex 125 4.40961 -2.35698
      vertex 125 4.15735 -2.77785
    endloop
  endfacet
  facet normal -1 0 0
    outer loop
      vertex 125 1.95395 -1.30559
      vertex 125 4.15735 -2.77785
      vertex 125 3.86505 -3.17197
    endloop
  endfacet
  facet normal -1 0 0
    outer loop
      vertex 125 1.81657 -1.49082
      vertex 125 3.86505 -3.17197
      vertex 125 3.53553 -3.53553
    endloop
  endfacet
  facet normal -1 0 0
    outer loop
      vertex 125 1.6617 -1.6617
      vertex 125 3.53553 -3.53553
      vertex 125 3.17197 -3.86505
    endloop
  endfacet
  facet normal -1 0 0
    outer loop
      vertex 125 1.49082 -1.81657
      vertex 125 3.17197 -3.86505
      vertex 125 2.77785 -4.15735
    endloop
  endfacet
  facet normal -1 0 0
    outer loop
      vertex 125 1.30559 -1.95395
      vertex 125 2.77785 -4.15735
      vertex 125 2.35698 -4.40961
    endloop
  endfacet
  facet normal -1 0 0
    outer loop
      vertex 125 4.40961 -2.35698
      vertex 125 2.07251 -1.10778
      vertex 125 2.17112 -0.899305
    endloop
  endfacet
  facet normal -1 -0 0
    outer loop
      vertex 125 5 0
      vertex 125 2.33868 -0.23034
      vertex 125 2.35 0
    endloop
  endfacet
  facet normal -1 0 0
    outer loop
      vertex 125 4.97592 -0.490086
      vertex 125 2.33868 -0.23034
      vertex 125 5 0
    endloop
  endfacet
  facet normal -1 0 -0
    outer loop
      vertex 125 2.33868 -0.23034
      vertex 125 4.90393 -0.975451
      vertex 125 2.30484 -0.458462
    endloop
  endfacet
  facet normal -1 0 0
    outer loop
      vertex 125 4.7847 -1.45142
      vertex 125 2.24881 -0.682169
      vertex 125 2.30484 -0.458462
    endloop
  endfacet
  facet normal -1 0 0
    outer loop
      vertex 125 4.6194 -1.91342
      vertex 125 2.17112 -0.899305
      vertex 125 2.24881 -0.682169
    endloop
  endfacet
  facet normal -1 0 0
    outer loop
      vertex 125 4.15735 -2.77785
      vertex 125 1.95395 -1.30559
      vertex 125 2.07251 -1.10778
    endloop
  endfacet
  facet normal -1 0 0
    outer loop
      vertex 125 1.10778 -2.07251
      vertex 125 2.35698 -4.40961
      vertex 125 1.91342 -4.6194
    endloop
  endfacet
  facet normal -1 0 0
    outer loop
      vertex 125 3.86505 -3.17197
      vertex 125 1.81657 -1.49082
      vertex 125 1.95395 -1.30559
    endloop
  endfacet
  facet normal -1 0 0
    outer loop
      vertex 125 3.53553 -3.53553
      vertex 125 1.6617 -1.6617
      vertex 125 1.81657 -1.49082
    endloop
  endfacet
  facet normal -1 0 0
    outer loop
      vertex 125 3.17197 -3.86505
      vertex 125 1.49082 -1.81657
      vertex 125 1.6617 -1.6617
    endloop
  endfacet
  facet normal -1 0 0
    outer loop
      vertex 125 0.899305 -2.17112
      vertex 125 1.91342 -4.6194
      vertex 125 1.45142 -4.7847
    endloop
  endfacet
  facet normal -1 0 0
    outer loop
      vertex 125 2.77785 -4.15735
      vertex 125 1.30559 -1.95395
      vertex 125 1.49082 -1.81657
    endloop
  endfacet
  facet normal -1 0 0
    outer loop
      vertex 125 2.35698 -4.40961
      vertex 125 1.10778 -2.07251
      vertex 125 1.30559 -1.95395
    endloop
  endfacet
  facet normal -1 0 0
    outer loop
      vertex 125 0.682169 -2.24881
      vertex 125 1.45142 -4.7847
      vertex 125 0.975451 -4.90393
    endloop
  endfacet
  facet normal -1 0 0
    outer loop
      vertex 125 1.91342 -4.6194
      vertex 125 0.899305 -2.17112
      vertex 125 1.10778 -2.07251
    endloop
  endfacet
  facet normal -1 0 0
    outer loop
      vertex 125 1.45142 -4.7847
      vertex 125 0.682169 -2.24881
      vertex 125 0.899305 -2.17112
    endloop
  endfacet
  facet normal -1 0 0
    outer loop
      vertex 125 0.458462 -2.30484
      vertex 125 0.975451 -4.90393
      vertex 125 0.490086 -4.97592
    endloop
  endfacet
  facet normal -1 0 0
    outer loop
      vertex 125 0.975451 -4.90393
      vertex 125 0.458462 -2.30484
      vertex 125 0.682169 -2.24881
    endloop
  endfacet
  facet normal -1 0 0
    outer loop
      vertex 125 0.490086 -4.97592
      vertex 125 0.23034 -2.33868
      vertex 125 0.458462 -2.30484
    endloop
  endfacet
  facet normal -1 0 0
    outer loop
      vertex 125 0 -5
      vertex 125 0.23034 -2.33868
      vertex 125 0.490086 -4.97592
    endloop
  endfacet
  facet normal -1 0 0
    outer loop
      vertex 125 0 -5
      vertex 125 0 -2.35
      vertex 125 0.23034 -2.33868
    endloop
  endfacet
  facet normal -1 0 0
    outer loop
      vertex 125 0 -5
      vertex 125 -0.23034 -2.33868
      vertex 125 0 -2.35
    endloop
  endfacet
  facet normal -1 0 0
    outer loop
      vertex 125 -0.490086 -4.97592
      vertex 125 -0.23034 -2.33868
      vertex 125 0 -5
    endloop
  endfacet
  facet normal -1 -0 0
    outer loop
      vertex 125 -0.23034 -2.33868
      vertex 125 -0.490086 -4.97592
      vertex 125 -0.458462 -2.30484
    endloop
  endfacet
  facet normal -1 0 0
    outer loop
      vertex 125 -0.975451 -4.90393
      vertex 125 -0.458462 -2.30484
      vertex 125 -0.490086 -4.97592
    endloop
  endfacet
  facet normal -1 -0 0
    outer loop
      vertex 125 -0.458462 -2.30484
      vertex 125 -0.975451 -4.90393
      vertex 125 -0.682169 -2.24881
    endloop
  endfacet
  facet normal -1 0 0
    outer loop
      vertex 125 -1.45142 -4.7847
      vertex 125 -0.682169 -2.24881
      vertex 125 -0.975451 -4.90393
    endloop
  endfacet
  facet normal -1 -0 0
    outer loop
      vertex 125 -0.682169 -2.24881
      vertex 125 -1.45142 -4.7847
      vertex 125 -0.899305 -2.17112
    endloop
  endfacet
  facet normal -1 0 0
    outer loop
      vertex 125 -1.91342 -4.6194
      vertex 125 -0.899305 -2.17112
      vertex 125 -1.45142 -4.7847
    endloop
  endfacet
  facet normal -1 -0 0
    outer loop
      vertex 125 -0.899305 -2.17112
      vertex 125 -1.91342 -4.6194
      vertex 125 -1.10778 -2.07251
    endloop
  endfacet
  facet normal -1 0 0
    outer loop
      vertex 125 -2.35698 -4.40961
      vertex 125 -1.10778 -2.07251
      vertex 125 -1.91342 -4.6194
    endloop
  endfacet
  facet normal -1 -0 0
    outer loop
      vertex 125 -1.10778 -2.07251
      vertex 125 -2.35698 -4.40961
      vertex 125 -1.30559 -1.95395
    endloop
  endfacet
  facet normal -1 0 0
    outer loop
      vertex 125 -2.77785 -4.15735
      vertex 125 -1.30559 -1.95395
      vertex 125 -2.35698 -4.40961
    endloop
  endfacet
  facet normal -1 -0 0
    outer loop
      vertex 125 -1.30559 -1.95395
      vertex 125 -2.77785 -4.15735
      vertex 125 -1.49082 -1.81657
    endloop
  endfacet
  facet normal -1 0 0
    outer loop
      vertex 125 -3.17197 -3.86505
      vertex 125 -1.49082 -1.81657
      vertex 125 -2.77785 -4.15735
    endloop
  endfacet
  facet normal -1 -0 0
    outer loop
      vertex 125 -1.49082 -1.81657
      vertex 125 -3.17197 -3.86505
      vertex 125 -1.6617 -1.6617
    endloop
  endfacet
  facet normal -1 0 0
    outer loop
      vertex 125 -3.53553 -3.53553
      vertex 125 -1.6617 -1.6617
      vertex 125 -3.17197 -3.86505
    endloop
  endfacet
  facet normal -1 -0 0
    outer loop
      vertex 125 -1.6617 -1.6617
      vertex 125 -3.53553 -3.53553
      vertex 125 -1.81657 -1.49082
    endloop
  endfacet
  facet normal -1 0 0
    outer loop
      vertex 125 -3.86505 -3.17197
      vertex 125 -1.81657 -1.49082
      vertex 125 -3.53553 -3.53553
    endloop
  endfacet
  facet normal -1 -0 0
    outer loop
      vertex 125 -1.81657 -1.49082
      vertex 125 -3.86505 -3.17197
      vertex 125 -1.95395 -1.30559
    endloop
  endfacet
  facet normal -1 -0 0
    outer loop
      vertex 125 -1.95395 -1.30559
      vertex 125 -4.15735 -2.77785
      vertex 125 -2.07251 -1.10778
    endloop
  endfacet
  facet normal -1 0 0
    outer loop
      vertex 125 -4.15735 -2.77785
      vertex 125 -1.95395 -1.30559
      vertex 125 -3.86505 -3.17197
    endloop
  endfacet
  facet normal -1 0 0
    outer loop
      vertex 125 -0.23034 2.33868
      vertex 125 0 5
      vertex 125 0 2.35
    endloop
  endfacet
  facet normal -1 0 0
    outer loop
      vertex 125 -0.490086 4.97592
      vertex 125 -0.23034 2.33868
      vertex 125 -0.458462 2.30484
    endloop
  endfacet
  facet normal -1 0 0
    outer loop
      vertex 125 -0.23034 2.33868
      vertex 125 -0.490086 4.97592
      vertex 125 0 5
    endloop
  endfacet
  facet normal -1 0 0
    outer loop
      vertex 125 -0.975451 4.90393
      vertex 125 -0.458462 2.30484
      vertex 125 -0.682169 2.24881
    endloop
  endfacet
  facet normal -1 0 0
    outer loop
      vertex 125 -1.45142 4.7847
      vertex 125 -0.682169 2.24881
      vertex 125 -0.899305 2.17112
    endloop
  endfacet
  facet normal -1 0 0
    outer loop
      vertex 125 -0.458462 2.30484
      vertex 125 -0.975451 4.90393
      vertex 125 -0.490086 4.97592
    endloop
  endfacet
  facet normal -1 0 0
    outer loop
      vertex 125 -1.91342 4.6194
      vertex 125 -0.899305 2.17112
      vertex 125 -1.10778 2.07251
    endloop
  endfacet
  facet normal -1 0 0
    outer loop
      vertex 125 -2.35698 4.40961
      vertex 125 -1.10778 2.07251
      vertex 125 -1.30559 1.95395
    endloop
  endfacet
  facet normal -1 0 0
    outer loop
      vertex 125 -0.682169 2.24881
      vertex 125 -1.45142 4.7847
      vertex 125 -0.975451 4.90393
    endloop
  endfacet
  facet normal -1 0 0
    outer loop
      vertex 125 -2.77785 4.15735
      vertex 125 -1.30559 1.95395
      vertex 125 -1.49082 1.81657
    endloop
  endfacet
  facet normal -1 0 0
    outer loop
      vertex 125 -3.17197 3.86505
      vertex 125 -1.49082 1.81657
      vertex 125 -1.6617 1.6617
    endloop
  endfacet
  facet normal -1 0 0
    outer loop
      vertex 125 -3.53553 3.53553
      vertex 125 -1.6617 1.6617
      vertex 125 -1.81657 1.49082
    endloop
  endfacet
  facet normal -1 0 0
    outer loop
      vertex 125 -0.899305 2.17112
      vertex 125 -1.91342 4.6194
      vertex 125 -1.45142 4.7847
    endloop
  endfacet
  facet normal -1 0 0
    outer loop
      vertex 125 -3.86505 3.17197
      vertex 125 -1.81657 1.49082
      vertex 125 -1.95395 1.30559
    endloop
  endfacet
  facet normal -1 0 0
    outer loop
      vertex 125 -4.15735 2.77785
      vertex 125 -1.95395 1.30559
      vertex 125 -2.07251 1.10778
    endloop
  endfacet
  facet normal -1 0 0
    outer loop
      vertex 125 -4.40961 2.35698
      vertex 125 -2.07251 1.10778
      vertex 125 -2.17112 0.899305
    endloop
  endfacet
  facet normal -1 0 0
    outer loop
      vertex 125 -4.6194 1.91342
      vertex 125 -2.17112 0.899305
      vertex 125 -2.24881 0.682169
    endloop
  endfacet
  facet normal -1 0 0
    outer loop
      vertex 125 -4.7847 1.45142
      vertex 125 -2.24881 0.682169
      vertex 125 -2.30484 0.458462
    endloop
  endfacet
  facet normal -1 0 0
    outer loop
      vertex 125 -4.90393 0.975451
      vertex 125 -2.30484 0.458462
      vertex 125 -2.33868 0.23034
    endloop
  endfacet
  facet normal -1 0 0
    outer loop
      vertex 125 -1.10778 2.07251
      vertex 125 -2.35698 4.40961
      vertex 125 -1.91342 4.6194
    endloop
  endfacet
  facet normal -1 0 0
    outer loop
      vertex 125 -4.97592 0.490086
      vertex 125 -2.33868 0.23034
      vertex 125 -2.35 0
    endloop
  endfacet
  facet normal -1 0 0
    outer loop
      vertex 125 -4.40961 -2.35698
      vertex 125 -2.07251 -1.10778
      vertex 125 -4.15735 -2.77785
    endloop
  endfacet
  facet normal -1 -0 0
    outer loop
      vertex 125 -2.07251 -1.10778
      vertex 125 -4.40961 -2.35698
      vertex 125 -2.17112 -0.899305
    endloop
  endfacet
  facet normal -1 0 0
    outer loop
      vertex 125 -1.30559 1.95395
      vertex 125 -2.77785 4.15735
      vertex 125 -2.35698 4.40961
    endloop
  endfacet
  facet normal -1 0 0
    outer loop
      vertex 125 -4.6194 -1.91342
      vertex 125 -2.17112 -0.899305
      vertex 125 -4.40961 -2.35698
    endloop
  endfacet
  facet normal -1 0 0
    outer loop
      vertex 125 -1.49082 1.81657
      vertex 125 -3.17197 3.86505
      vertex 125 -2.77785 4.15735
    endloop
  endfacet
  facet normal -1 -0 0
    outer loop
      vertex 125 -2.17112 -0.899305
      vertex 125 -4.6194 -1.91342
      vertex 125 -2.24881 -0.682169
    endloop
  endfacet
  facet normal -1 0 0
    outer loop
      vertex 125 -1.6617 1.6617
      vertex 125 -3.53553 3.53553
      vertex 125 -3.17197 3.86505
    endloop
  endfacet
  facet normal -1 0 0
    outer loop
      vertex 125 -4.7847 -1.45142
      vertex 125 -2.24881 -0.682169
      vertex 125 -4.6194 -1.91342
    endloop
  endfacet
  facet normal -1 0 0
    outer loop
      vertex 125 -1.81657 1.49082
      vertex 125 -3.86505 3.17197
      vertex 125 -3.53553 3.53553
    endloop
  endfacet
  facet normal -1 -0 0
    outer loop
      vertex 125 -2.24881 -0.682169
      vertex 125 -4.7847 -1.45142
      vertex 125 -2.30484 -0.458462
    endloop
  endfacet
  facet normal -1 0 0
    outer loop
      vertex 125 -1.95395 1.30559
      vertex 125 -4.15735 2.77785
      vertex 125 -3.86505 3.17197
    endloop
  endfacet
  facet normal -1 0 0
    outer loop
      vertex 125 -4.90393 -0.975451
      vertex 125 -2.30484 -0.458462
      vertex 125 -4.7847 -1.45142
    endloop
  endfacet
  facet normal -1 0 0
    outer loop
      vertex 125 -2.07251 1.10778
      vertex 125 -4.40961 2.35698
      vertex 125 -4.15735 2.77785
    endloop
  endfacet
  facet normal -1 -0 0
    outer loop
      vertex 125 -2.30484 -0.458462
      vertex 125 -4.90393 -0.975451
      vertex 125 -2.33868 -0.23034
    endloop
  endfacet
  facet normal -1 0 0
    outer loop
      vertex 125 -2.17112 0.899305
      vertex 125 -4.6194 1.91342
      vertex 125 -4.40961 2.35698
    endloop
  endfacet
  facet normal -1 0 0
    outer loop
      vertex 125 -4.97592 -0.490086
      vertex 125 -2.33868 -0.23034
      vertex 125 -4.90393 -0.975451
    endloop
  endfacet
  facet normal -1 0 0
    outer loop
      vertex 125 -2.24881 0.682169
      vertex 125 -4.7847 1.45142
      vertex 125 -4.6194 1.91342
    endloop
  endfacet
  facet normal -1 -0 0
    outer loop
      vertex 125 -2.33868 -0.23034
      vertex 125 -4.97592 -0.490086
      vertex 125 -2.35 0
    endloop
  endfacet
  facet normal -1 0 0
    outer loop
      vertex 125 -2.30484 0.458462
      vertex 125 -4.90393 0.975451
      vertex 125 -4.7847 1.45142
    endloop
  endfacet
  facet normal -1 0 0
    outer loop
      vertex 125 -5 0
      vertex 125 -2.35 0
      vertex 125 -4.97592 -0.490086
    endloop
  endfacet
  facet normal -1 0 0
    outer loop
      vertex 125 -2.33868 0.23034
      vertex 125 -4.97592 0.490086
      vertex 125 -4.90393 0.975451
    endloop
  endfacet
  facet normal -1 0 0
    outer loop
      vertex 125 -2.35 0
      vertex 125 -5 0
      vertex 125 -4.97592 0.490086
    endloop
  endfacet
  facet normal 0 0.146716 -0.989179
    outer loop
      vertex 125 0.490086 -4.97592
      vertex 145 0.975451 -4.90393
      vertex 145 0.490086 -4.97592
    endloop
  endfacet
  facet normal 0 0.146716 -0.989179
    outer loop
      vertex 145 0.975451 -4.90393
      vertex 125 0.490086 -4.97592
      vertex 125 0.975451 -4.90393
    endloop
  endfacet
  facet normal 0 0.857728 -0.514103
    outer loop
      vertex 145 4.15735 -2.77785
      vertex 125 4.40961 -2.35698
      vertex 145 4.40961 -2.35698
    endloop
  endfacet
  facet normal 0 0.857728 -0.514103
    outer loop
      vertex 125 4.40961 -2.35698
      vertex 145 4.15735 -2.77785
      vertex 125 4.15735 -2.77785
    endloop
  endfacet
  facet normal 0 -0.903988 -0.427558
    outer loop
      vertex 125 -4.40961 -2.35698
      vertex 145 -4.6194 -1.91342
      vertex 125 -4.6194 -1.91342
    endloop
  endfacet
  facet normal 0 -0.903988 -0.427558
    outer loop
      vertex 145 -4.6194 -1.91342
      vertex 125 -4.40961 -2.35698
      vertex 145 -4.40961 -2.35698
    endloop
  endfacet
  facet normal 0 0.970028 -0.242992
    outer loop
      vertex 145 4.7847 -1.45142
      vertex 125 4.90393 -0.975451
      vertex 145 4.90393 -0.975451
    endloop
  endfacet
  facet normal 0 0.970028 -0.242992
    outer loop
      vertex 125 4.90393 -0.975451
      vertex 145 4.7847 -1.45142
      vertex 125 4.7847 -1.45142
    endloop
  endfacet
  facet normal 0 -0.049075 -0.998795
    outer loop
      vertex 125 -0.490086 -4.97592
      vertex 145 0 -5
      vertex 145 -0.490086 -4.97592
    endloop
  endfacet
  facet normal -0 -0.049075 -0.998795
    outer loop
      vertex 145 0 -5
      vertex 125 -0.490086 -4.97592
      vertex 125 0 -5
    endloop
  endfacet
  facet normal 0 0.803207 -0.5957
    outer loop
      vertex 145 3.86505 -3.17197
      vertex 125 4.15735 -2.77785
      vertex 145 4.15735 -2.77785
    endloop
  endfacet
  facet normal 0 0.803207 -0.5957
    outer loop
      vertex 125 4.15735 -2.77785
      vertex 145 3.86505 -3.17197
      vertex 125 3.86505 -3.17197
    endloop
  endfacet
  facet normal 0 -0.989179 -0.146716
    outer loop
      vertex 125 -4.90393 -0.975451
      vertex 145 -4.97592 -0.490086
      vertex 125 -4.97592 -0.490086
    endloop
  endfacet
  facet normal 0 -0.989179 -0.146716
    outer loop
      vertex 145 -4.97592 -0.490086
      vertex 125 -4.90393 -0.975451
      vertex 145 -4.90393 -0.975451
    endloop
  endfacet
  facet normal 0 0.336879 -0.941548
    outer loop
      vertex 125 1.45142 -4.7847
      vertex 145 1.91342 -4.6194
      vertex 145 1.45142 -4.7847
    endloop
  endfacet
  facet normal 0 0.336879 -0.941548
    outer loop
      vertex 145 1.91342 -4.6194
      vertex 125 1.45142 -4.7847
      vertex 125 1.91342 -4.6194
    endloop
  endfacet
  facet normal 0 -0.671568 -0.740943
    outer loop
      vertex 125 -3.53553 -3.53553
      vertex 145 -3.17197 -3.86505
      vertex 145 -3.53553 -3.53553
    endloop
  endfacet
  facet normal -0 -0.671568 -0.740943
    outer loop
      vertex 145 -3.17197 -3.86505
      vertex 125 -3.53553 -3.53553
      vertex 125 -3.17197 -3.86505
    endloop
  endfacet
  facet normal 0 -0.5957 -0.803207
    outer loop
      vertex 125 -3.17197 -3.86505
      vertex 145 -2.77785 -4.15735
      vertex 145 -3.17197 -3.86505
    endloop
  endfacet
  facet normal -0 -0.5957 -0.803207
    outer loop
      vertex 145 -2.77785 -4.15735
      vertex 125 -3.17197 -3.86505
      vertex 125 -2.77785 -4.15735
    endloop
  endfacet
  facet normal 0 -0.336879 -0.941548
    outer loop
      vertex 125 -1.91342 -4.6194
      vertex 145 -1.45142 -4.7847
      vertex 145 -1.91342 -4.6194
    endloop
  endfacet
  facet normal -0 -0.336879 -0.941548
    outer loop
      vertex 145 -1.45142 -4.7847
      vertex 125 -1.91342 -4.6194
      vertex 125 -1.45142 -4.7847
    endloop
  endfacet
  facet normal 1 0 0
    outer loop
      vertex 145 0 5
      vertex 145 -0.23034 2.33868
      vertex 145 0 2.35
    endloop
  endfacet
  facet normal 1 -0 0
    outer loop
      vertex 145 -0.490086 4.97592
      vertex 145 -0.23034 2.33868
      vertex 145 0 5
    endloop
  endfacet
  facet normal 1 0 0
    outer loop
      vertex 145 -0.23034 2.33868
      vertex 145 -0.490086 4.97592
      vertex 145 -0.458462 2.30484
    endloop
  endfacet
  facet normal 1 -0 0
    outer loop
      vertex 145 -0.975451 4.90393
      vertex 145 -0.458462 2.30484
      vertex 145 -0.490086 4.97592
    endloop
  endfacet
  facet normal 1 0 0
    outer loop
      vertex 145 -0.458462 2.30484
      vertex 145 -0.975451 4.90393
      vertex 145 -0.682169 2.24881
    endloop
  endfacet
  facet normal 1 -0 0
    outer loop
      vertex 145 -1.45142 4.7847
      vertex 145 -0.682169 2.24881
      vertex 145 -0.975451 4.90393
    endloop
  endfacet
  facet normal 1 0 0
    outer loop
      vertex 145 -0.682169 2.24881
      vertex 145 -1.45142 4.7847
      vertex 145 -0.899305 2.17112
    endloop
  endfacet
  facet normal 1 -0 0
    outer loop
      vertex 145 -1.91342 4.6194
      vertex 145 -0.899305 2.17112
      vertex 145 -1.45142 4.7847
    endloop
  endfacet
  facet normal 1 0 0
    outer loop
      vertex 145 -0.899305 2.17112
      vertex 145 -1.91342 4.6194
      vertex 145 -1.10778 2.07251
    endloop
  endfacet
  facet normal 1 -0 0
    outer loop
      vertex 145 -2.35698 4.40961
      vertex 145 -1.10778 2.07251
      vertex 145 -1.91342 4.6194
    endloop
  endfacet
  facet normal 1 0 0
    outer loop
      vertex 145 -1.10778 2.07251
      vertex 145 -2.35698 4.40961
      vertex 145 -1.30559 1.95395
    endloop
  endfacet
  facet normal 1 -0 0
    outer loop
      vertex 145 -2.77785 4.15735
      vertex 145 -1.30559 1.95395
      vertex 145 -2.35698 4.40961
    endloop
  endfacet
  facet normal 1 0 0
    outer loop
      vertex 145 -1.30559 1.95395
      vertex 145 -2.77785 4.15735
      vertex 145 -1.49082 1.81657
    endloop
  endfacet
  facet normal 1 -0 0
    outer loop
      vertex 145 -3.17197 3.86505
      vertex 145 -1.49082 1.81657
      vertex 145 -2.77785 4.15735
    endloop
  endfacet
  facet normal 1 0 0
    outer loop
      vertex 145 -1.49082 1.81657
      vertex 145 -3.17197 3.86505
      vertex 145 -1.6617 1.6617
    endloop
  endfacet
  facet normal 1 -0 0
    outer loop
      vertex 145 -3.53553 3.53553
      vertex 145 -1.6617 1.6617
      vertex 145 -3.17197 3.86505
    endloop
  endfacet
  facet normal 1 0 0
    outer loop
      vertex 145 -1.6617 1.6617
      vertex 145 -3.53553 3.53553
      vertex 145 -1.81657 1.49082
    endloop
  endfacet
  facet normal 1 -0 0
    outer loop
      vertex 145 -3.86505 3.17197
      vertex 145 -1.81657 1.49082
      vertex 145 -3.53553 3.53553
    endloop
  endfacet
  facet normal 1 0 0
    outer loop
      vertex 145 -1.81657 1.49082
      vertex 145 -3.86505 3.17197
      vertex 145 -1.95395 1.30559
    endloop
  endfacet
  facet normal 1 0 0
    outer loop
      vertex 145 -1.95395 1.30559
      vertex 145 -4.15735 2.77785
      vertex 145 -2.07251 1.10778
    endloop
  endfacet
  facet normal 1 -0 0
    outer loop
      vertex 145 -4.15735 2.77785
      vertex 145 -1.95395 1.30559
      vertex 145 -3.86505 3.17197
    endloop
  endfacet
  facet normal 1 -0 0
    outer loop
      vertex 145 2.33868 -0.23034
      vertex 145 4.97592 -0.490086
      vertex 145 5 0
    endloop
  endfacet
  facet normal 1 0 0
    outer loop
      vertex 145 4.97592 -0.490086
      vertex 145 2.33868 -0.23034
      vertex 145 4.90393 -0.975451
    endloop
  endfacet
  facet normal 1 0 0
    outer loop
      vertex 145 4.90393 -0.975451
      vertex 145 2.30484 -0.458462
      vertex 145 4.7847 -1.45142
    endloop
  endfacet
  facet normal 1 -0 0
    outer loop
      vertex 145 2.24881 -0.682169
      vertex 145 4.7847 -1.45142
      vertex 145 2.30484 -0.458462
    endloop
  endfacet
  facet normal 1 -0 0
    outer loop
      vertex 145 2.17112 -0.899305
      vertex 145 4.6194 -1.91342
      vertex 145 2.24881 -0.682169
    endloop
  endfacet
  facet normal 1 0 0
    outer loop
      vertex 145 4.6194 -1.91342
      vertex 145 2.17112 -0.899305
      vertex 145 4.40961 -2.35698
    endloop
  endfacet
  facet normal 1 0 0
    outer loop
      vertex 145 4.40961 -2.35698
      vertex 145 2.07251 -1.10778
      vertex 145 4.15735 -2.77785
    endloop
  endfacet
  facet normal 1 -0 0
    outer loop
      vertex 145 1.95395 -1.30559
      vertex 145 4.15735 -2.77785
      vertex 145 2.07251 -1.10778
    endloop
  endfacet
  facet normal 1 -0 0
    outer loop
      vertex 145 1.81657 -1.49082
      vertex 145 3.86505 -3.17197
      vertex 145 1.95395 -1.30559
    endloop
  endfacet
  facet normal 1 0 0
    outer loop
      vertex 145 3.86505 -3.17197
      vertex 145 1.81657 -1.49082
      vertex 145 3.53553 -3.53553
    endloop
  endfacet
  facet normal 1 0 0
    outer loop
      vertex 145 2.33868 -0.23034
      vertex 145 5 0
      vertex 145 2.35 0
    endloop
  endfacet
  facet normal 1 0 0
    outer loop
      vertex 145 4.90393 -0.975451
      vertex 145 2.33868 -0.23034
      vertex 145 2.30484 -0.458462
    endloop
  endfacet
  facet normal 1 0 0
    outer loop
      vertex 145 4.7847 -1.45142
      vertex 145 2.24881 -0.682169
      vertex 145 4.6194 -1.91342
    endloop
  endfacet
  facet normal 1 -0 0
    outer loop
      vertex 145 2.07251 -1.10778
      vertex 145 4.40961 -2.35698
      vertex 145 2.17112 -0.899305
    endloop
  endfacet
  facet normal 1 0 0
    outer loop
      vertex 145 4.15735 -2.77785
      vertex 145 1.95395 -1.30559
      vertex 145 3.86505 -3.17197
    endloop
  endfacet
  facet normal 1 -0 0
    outer loop
      vertex 145 1.6617 -1.6617
      vertex 145 3.53553 -3.53553
      vertex 145 1.81657 -1.49082
    endloop
  endfacet
  facet normal 1 0 0
    outer loop
      vertex 145 3.53553 -3.53553
      vertex 145 1.6617 -1.6617
      vertex 145 3.17197 -3.86505
    endloop
  endfacet
  facet normal 1 -0 0
    outer loop
      vertex 145 1.49082 -1.81657
      vertex 145 3.17197 -3.86505
      vertex 145 1.6617 -1.6617
    endloop
  endfacet
  facet normal 1 0 0
    outer loop
      vertex 145 3.17197 -3.86505
      vertex 145 1.49082 -1.81657
      vertex 145 2.77785 -4.15735
    endloop
  endfacet
  facet normal 1 -0 0
    outer loop
      vertex 145 1.30559 -1.95395
      vertex 145 2.77785 -4.15735
      vertex 145 1.49082 -1.81657
    endloop
  endfacet
  facet normal 1 0 0
    outer loop
      vertex 145 2.77785 -4.15735
      vertex 145 1.30559 -1.95395
      vertex 145 2.35698 -4.40961
    endloop
  endfacet
  facet normal 1 -0 0
    outer loop
      vertex 145 1.10778 -2.07251
      vertex 145 2.35698 -4.40961
      vertex 145 1.30559 -1.95395
    endloop
  endfacet
  facet normal 1 0 0
    outer loop
      vertex 145 2.35698 -4.40961
      vertex 145 1.10778 -2.07251
      vertex 145 1.91342 -4.6194
    endloop
  endfacet
  facet normal 1 -0 0
    outer loop
      vertex 145 0.899305 -2.17112
      vertex 145 1.91342 -4.6194
      vertex 145 1.10778 -2.07251
    endloop
  endfacet
  facet normal 1 0 0
    outer loop
      vertex 145 1.91342 -4.6194
      vertex 145 0.899305 -2.17112
      vertex 145 1.45142 -4.7847
    endloop
  endfacet
  facet normal 1 -0 0
    outer loop
      vertex 145 0.682169 -2.24881
      vertex 145 1.45142 -4.7847
      vertex 145 0.899305 -2.17112
    endloop
  endfacet
  facet normal 1 0 0
    outer loop
      vertex 145 1.45142 -4.7847
      vertex 145 0.682169 -2.24881
      vertex 145 0.975451 -4.90393
    endloop
  endfacet
  facet normal 1 -0 0
    outer loop
      vertex 145 0.458462 -2.30484
      vertex 145 0.975451 -4.90393
      vertex 145 0.682169 -2.24881
    endloop
  endfacet
  facet normal 1 0 0
    outer loop
      vertex 145 0.975451 -4.90393
      vertex 145 0.458462 -2.30484
      vertex 145 0.490086 -4.97592
    endloop
  endfacet
  facet normal 1 -0 0
    outer loop
      vertex 145 0.23034 -2.33868
      vertex 145 0.490086 -4.97592
      vertex 145 0.458462 -2.30484
    endloop
  endfacet
  facet normal 1 -0 0
    outer loop
      vertex 145 0 -2.35
      vertex 145 0.490086 -4.97592
      vertex 145 0.23034 -2.33868
    endloop
  endfacet
  facet normal 1 0 0
    outer loop
      vertex 145 0 -2.35
      vertex 145 0 -5
      vertex 145 0.490086 -4.97592
    endloop
  endfacet
  facet normal 1 0 0
    outer loop
      vertex 145 -0.23034 -2.33868
      vertex 145 0 -5
      vertex 145 0 -2.35
    endloop
  endfacet
  facet normal 1 0 0
    outer loop
      vertex 145 -0.490086 -4.97592
      vertex 145 -0.23034 -2.33868
      vertex 145 -0.458462 -2.30484
    endloop
  endfacet
  facet normal 1 0 0
    outer loop
      vertex 145 -0.23034 -2.33868
      vertex 145 -0.490086 -4.97592
      vertex 145 0 -5
    endloop
  endfacet
  facet normal 1 0 0
    outer loop
      vertex 145 -0.975451 -4.90393
      vertex 145 -0.458462 -2.30484
      vertex 145 -0.682169 -2.24881
    endloop
  endfacet
  facet normal 1 0 0
    outer loop
      vertex 145 -1.45142 -4.7847
      vertex 145 -0.682169 -2.24881
      vertex 145 -0.899305 -2.17112
    endloop
  endfacet
  facet normal 1 0 0
    outer loop
      vertex 145 -0.458462 -2.30484
      vertex 145 -0.975451 -4.90393
      vertex 145 -0.490086 -4.97592
    endloop
  endfacet
  facet normal 1 0 0
    outer loop
      vertex 145 -1.91342 -4.6194
      vertex 145 -0.899305 -2.17112
      vertex 145 -1.10778 -2.07251
    endloop
  endfacet
  facet normal 1 0 0
    outer loop
      vertex 145 -2.35698 -4.40961
      vertex 145 -1.10778 -2.07251
      vertex 145 -1.30559 -1.95395
    endloop
  endfacet
  facet normal 1 0 0
    outer loop
      vertex 145 -0.682169 -2.24881
      vertex 145 -1.45142 -4.7847
      vertex 145 -0.975451 -4.90393
    endloop
  endfacet
  facet normal 1 0 0
    outer loop
      vertex 145 -2.77785 -4.15735
      vertex 145 -1.30559 -1.95395
      vertex 145 -1.49082 -1.81657
    endloop
  endfacet
  facet normal 1 0 0
    outer loop
      vertex 145 -3.17197 -3.86505
      vertex 145 -1.49082 -1.81657
      vertex 145 -1.6617 -1.6617
    endloop
  endfacet
  facet normal 1 0 0
    outer loop
      vertex 145 -3.53553 -3.53553
      vertex 145 -1.6617 -1.6617
      vertex 145 -1.81657 -1.49082
    endloop
  endfacet
  facet normal 1 0 0
    outer loop
      vertex 145 -0.899305 -2.17112
      vertex 145 -1.91342 -4.6194
      vertex 145 -1.45142 -4.7847
    endloop
  endfacet
  facet normal 1 0 0
    outer loop
      vertex 145 -3.86505 -3.17197
      vertex 145 -1.81657 -1.49082
      vertex 145 -1.95395 -1.30559
    endloop
  endfacet
  facet normal 1 0 0
    outer loop
      vertex 145 -4.15735 -2.77785
      vertex 145 -1.95395 -1.30559
      vertex 145 -2.07251 -1.10778
    endloop
  endfacet
  facet normal 1 0 0
    outer loop
      vertex 145 -4.40961 -2.35698
      vertex 145 -2.07251 -1.10778
      vertex 145 -2.17112 -0.899305
    endloop
  endfacet
  facet normal 1 0 0
    outer loop
      vertex 145 -4.6194 -1.91342
      vertex 145 -2.17112 -0.899305
      vertex 145 -2.24881 -0.682169
    endloop
  endfacet
  facet normal 1 0 0
    outer loop
      vertex 145 -4.7847 -1.45142
      vertex 145 -2.24881 -0.682169
      vertex 145 -2.30484 -0.458462
    endloop
  endfacet
  facet normal 1 0 0
    outer loop
      vertex 145 -4.90393 -0.975451
      vertex 145 -2.30484 -0.458462
      vertex 145 -2.33868 -0.23034
    endloop
  endfacet
  facet normal 1 0 0
    outer loop
      vertex 145 -1.10778 -2.07251
      vertex 145 -2.35698 -4.40961
      vertex 145 -1.91342 -4.6194
    endloop
  endfacet
  facet normal 1 0 0
    outer loop
      vertex 145 -4.97592 -0.490086
      vertex 145 -2.33868 -0.23034
      vertex 145 -2.35 0
    endloop
  endfacet
  facet normal 1 -0 0
    outer loop
      vertex 145 -4.40961 2.35698
      vertex 145 -2.07251 1.10778
      vertex 145 -4.15735 2.77785
    endloop
  endfacet
  facet normal 1 0 0
    outer loop
      vertex 145 -2.07251 1.10778
      vertex 145 -4.40961 2.35698
      vertex 145 -2.17112 0.899305
    endloop
  endfacet
  facet normal 1 0 0
    outer loop
      vertex 145 -1.30559 -1.95395
      vertex 145 -2.77785 -4.15735
      vertex 145 -2.35698 -4.40961
    endloop
  endfacet
  facet normal 1 -0 0
    outer loop
      vertex 145 -4.6194 1.91342
      vertex 145 -2.17112 0.899305
      vertex 145 -4.40961 2.35698
    endloop
  endfacet
  facet normal 1 0 0
    outer loop
      vertex 145 -1.49082 -1.81657
      vertex 145 -3.17197 -3.86505
      vertex 145 -2.77785 -4.15735
    endloop
  endfacet
  facet normal 1 0 0
    outer loop
      vertex 145 -2.17112 0.899305
      vertex 145 -4.6194 1.91342
      vertex 145 -2.24881 0.682169
    endloop
  endfacet
  facet normal 1 0 0
    outer loop
      vertex 145 -1.6617 -1.6617
      vertex 145 -3.53553 -3.53553
      vertex 145 -3.17197 -3.86505
    endloop
  endfacet
  facet normal 1 -0 0
    outer loop
      vertex 145 -4.7847 1.45142
      vertex 145 -2.24881 0.682169
      vertex 145 -4.6194 1.91342
    endloop
  endfacet
  facet normal 1 0 0
    outer loop
      vertex 145 -1.81657 -1.49082
      vertex 145 -3.86505 -3.17197
      vertex 145 -3.53553 -3.53553
    endloop
  endfacet
  facet normal 1 0 0
    outer loop
      vertex 145 -2.24881 0.682169
      vertex 145 -4.7847 1.45142
      vertex 145 -2.30484 0.458462
    endloop
  endfacet
  facet normal 1 0 0
    outer loop
      vertex 145 -1.95395 -1.30559
      vertex 145 -4.15735 -2.77785
      vertex 145 -3.86505 -3.17197
    endloop
  endfacet
  facet normal 1 -0 0
    outer loop
      vertex 145 -4.90393 0.975451
      vertex 145 -2.30484 0.458462
      vertex 145 -4.7847 1.45142
    endloop
  endfacet
  facet normal 1 0 0
    outer loop
      vertex 145 -2.07251 -1.10778
      vertex 145 -4.40961 -2.35698
      vertex 145 -4.15735 -2.77785
    endloop
  endfacet
  facet normal 1 0 0
    outer loop
      vertex 145 -2.30484 0.458462
      vertex 145 -4.90393 0.975451
      vertex 145 -2.33868 0.23034
    endloop
  endfacet
  facet normal 1 0 0
    outer loop
      vertex 145 -2.17112 -0.899305
      vertex 145 -4.6194 -1.91342
      vertex 145 -4.40961 -2.35698
    endloop
  endfacet
  facet normal 1 -0 0
    outer loop
      vertex 145 -4.97592 0.490086
      vertex 145 -2.33868 0.23034
      vertex 145 -4.90393 0.975451
    endloop
  endfacet
  facet normal 1 0 0
    outer loop
      vertex 145 -2.24881 -0.682169
      vertex 145 -4.7847 -1.45142
      vertex 145 -4.6194 -1.91342
    endloop
  endfacet
  facet normal 1 0 0
    outer loop
      vertex 145 -2.33868 0.23034
      vertex 145 -4.97592 0.490086
      vertex 145 -2.35 0
    endloop
  endfacet
  facet normal 1 0 0
    outer loop
      vertex 145 -2.30484 -0.458462
      vertex 145 -4.90393 -0.975451
      vertex 145 -4.7847 -1.45142
    endloop
  endfacet
  facet normal 1 0 0
    outer loop
      vertex 145 -5 0
      vertex 145 -2.35 0
      vertex 145 -4.97592 0.490086
    endloop
  endfacet
  facet normal 1 0 0
    outer loop
      vertex 145 -2.33868 -0.23034
      vertex 145 -4.97592 -0.490086
      vertex 145 -4.90393 -0.975451
    endloop
  endfacet
  facet normal 1 0 0
    outer loop
      vertex 145 -2.35 0
      vertex 145 -5 0
      vertex 145 -4.97592 -0.490086
    endloop
  endfacet
  facet normal 0 0.989179 -0.146716
    outer loop
      vertex 145 4.90393 -0.975451
      vertex 125 4.97592 -0.490086
      vertex 145 4.97592 -0.490086
    endloop
  endfacet
  facet normal 0 0.989179 -0.146716
    outer loop
      vertex 125 4.97592 -0.490086
      vertex 145 4.90393 -0.975451
      vertex 125 4.90393 -0.975451
    endloop
  endfacet
  facet normal 0 -0.427558 0.903988
    outer loop
      vertex 125 -1.91342 4.6194
      vertex 145 -2.35698 4.40961
      vertex 145 -1.91342 4.6194
    endloop
  endfacet
  facet normal 0 -0.427558 0.903988
    outer loop
      vertex 145 -2.35698 4.40961
      vertex 125 -1.91342 4.6194
      vertex 125 -2.35698 4.40961
    endloop
  endfacet
  facet normal 0 -0.514103 0.857728
    outer loop
      vertex 125 -2.35698 4.40961
      vertex 145 -2.77785 4.15735
      vertex 145 -2.35698 4.40961
    endloop
  endfacet
  facet normal 0 -0.514103 0.857728
    outer loop
      vertex 145 -2.77785 4.15735
      vertex 125 -2.35698 4.40961
      vertex 125 -2.77785 4.15735
    endloop
  endfacet
  facet normal 0 -0.803207 -0.5957
    outer loop
      vertex 125 -3.86505 -3.17197
      vertex 145 -4.15735 -2.77785
      vertex 125 -4.15735 -2.77785
    endloop
  endfacet
  facet normal 0 -0.803207 -0.5957
    outer loop
      vertex 145 -4.15735 -2.77785
      vertex 125 -3.86505 -3.17197
      vertex 145 -3.86505 -3.17197
    endloop
  endfacet
  facet normal 0 0.671568 -0.740943
    outer loop
      vertex 125 3.17197 -3.86505
      vertex 145 3.53553 -3.53553
      vertex 145 3.17197 -3.86505
    endloop
  endfacet
  facet normal 0 0.671568 -0.740943
    outer loop
      vertex 145 3.53553 -3.53553
      vertex 125 3.17197 -3.86505
      vertex 125 3.53553 -3.53553
    endloop
  endfacet
  facet normal 0 -0.146716 0.989179
    outer loop
      vertex 125 -0.490086 4.97592
      vertex 145 -0.975451 4.90393
      vertex 145 -0.490086 4.97592
    endloop
  endfacet
  facet normal 0 -0.146716 0.989179
    outer loop
      vertex 145 -0.975451 4.90393
      vertex 125 -0.490086 4.97592
      vertex 125 -0.975451 4.90393
    endloop
  endfacet
  facet normal 0 -0.671568 0.740943
    outer loop
      vertex 125 -3.17197 3.86505
      vertex 145 -3.53553 3.53553
      vertex 145 -3.17197 3.86505
    endloop
  endfacet
  facet normal 0 -0.671568 0.740943
    outer loop
      vertex 145 -3.53553 3.53553
      vertex 125 -3.17197 3.86505
      vertex 125 -3.53553 3.53553
    endloop
  endfacet
  facet normal 0 -0.5957 0.803207
    outer loop
      vertex 125 -2.77785 4.15735
      vertex 145 -3.17197 3.86505
      vertex 145 -2.77785 4.15735
    endloop
  endfacet
  facet normal 0 -0.5957 0.803207
    outer loop
      vertex 145 -3.17197 3.86505
      vertex 125 -2.77785 4.15735
      vertex 125 -3.17197 3.86505
    endloop
  endfacet
  facet normal 0 -0.049075 0.998795
    outer loop
      vertex 125 0 5
      vertex 145 -0.490086 4.97592
      vertex 145 0 5
    endloop
  endfacet
  facet normal 0 -0.049075 0.998795
    outer loop
      vertex 145 -0.490086 4.97592
      vertex 125 0 5
      vertex 125 -0.490086 4.97592
    endloop
  endfacet
  facet normal 0 -0.803207 0.5957
    outer loop
      vertex 125 -4.15735 2.77785
      vertex 145 -3.86505 3.17197
      vertex 125 -3.86505 3.17197
    endloop
  endfacet
  facet normal 0 -0.803207 0.5957
    outer loop
      vertex 145 -3.86505 3.17197
      vertex 125 -4.15735 2.77785
      vertex 145 -4.15735 2.77785
    endloop
  endfacet
  facet normal 0 -0.740943 0.671568
    outer loop
      vertex 125 -3.86505 3.17197
      vertex 145 -3.53553 3.53553
      vertex 125 -3.53553 3.53553
    endloop
  endfacet
  facet normal 0 -0.740943 0.671568
    outer loop
      vertex 145 -3.53553 3.53553
      vertex 125 -3.86505 3.17197
      vertex 145 -3.86505 3.17197
    endloop
  endfacet
  facet normal 0 -0.998795 0.049075
    outer loop
      vertex 125 -5 0
      vertex 145 -4.97592 0.490086
      vertex 125 -4.97592 0.490086
    endloop
  endfacet
  facet normal 0 -0.998795 0.049075
    outer loop
      vertex 145 -4.97592 0.490086
      vertex 125 -5 0
      vertex 145 -5 0
    endloop
  endfacet
  facet normal 0 -0.989179 0.146716
    outer loop
      vertex 125 -4.97592 0.490086
      vertex 145 -4.90393 0.975451
      vertex 125 -4.90393 0.975451
    endloop
  endfacet
  facet normal 0 -0.989179 0.146716
    outer loop
      vertex 145 -4.90393 0.975451
      vertex 125 -4.97592 0.490086
      vertex 145 -4.97592 0.490086
    endloop
  endfacet
  facet normal 0 -0.941548 0.336879
    outer loop
      vertex 125 -4.7847 1.45142
      vertex 145 -4.6194 1.91342
      vertex 125 -4.6194 1.91342
    endloop
  endfacet
  facet normal 0 -0.941548 0.336879
    outer loop
      vertex 145 -4.6194 1.91342
      vertex 125 -4.7847 1.45142
      vertex 145 -4.7847 1.45142
    endloop
  endfacet
  facet normal 0 -0.740943 -0.671568
    outer loop
      vertex 125 -3.53553 -3.53553
      vertex 145 -3.86505 -3.17197
      vertex 125 -3.86505 -3.17197
    endloop
  endfacet
  facet normal 0 -0.740943 -0.671568
    outer loop
      vertex 145 -3.86505 -3.17197
      vertex 125 -3.53553 -3.53553
      vertex 145 -3.53553 -3.53553
    endloop
  endfacet
  facet normal -0.989145 -0.146942 0
    outer loop
      vertex 13.0851 77.6039 0
      vertex 13.0404 77.9048 1.5
      vertex 13.0404 77.9048 0
    endloop
  endfacet
  facet normal -0.989145 -0.146942 0
    outer loop
      vertex 13.0404 77.9048 1.5
      vertex 13.0851 77.6039 0
      vertex 13.0851 77.6039 1.5
    endloop
  endfacet
  facet normal -0.9988 -0.0489705 0
    outer loop
      vertex 13.1 77.3 0
      vertex 13.0851 77.6039 1.5
      vertex 13.0851 77.6039 0
    endloop
  endfacet
  facet normal -0.9988 -0.0489705 0
    outer loop
      vertex 13.0851 77.6039 1.5
      vertex 13.1 77.3 0
      vertex 13.1 77.3 1.5
    endloop
  endfacet
  facet normal -0.941519 -0.336961 0
    outer loop
      vertex 12.9665 78.1999 0
      vertex 12.864 78.4863 1.5
      vertex 12.864 78.4863 0
    endloop
  endfacet
  facet normal -0.941519 -0.336961 0
    outer loop
      vertex 12.864 78.4863 1.5
      vertex 12.9665 78.1999 0
      vertex 12.9665 78.1999 1.5
    endloop
  endfacet
  facet normal 0.970038 0.242953 0
    outer loop
      vertex 7.03348 76.4001 1.5
      vertex 6.95957 76.6952 0
      vertex 6.95957 76.6952 1.5
    endloop
  endfacet
  facet normal 0.970038 0.242953 0
    outer loop
      vertex 6.95957 76.6952 0
      vertex 7.03348 76.4001 1.5
      vertex 7.03348 76.4001 0
    endloop
  endfacet
  facet normal 0.941529 0.336932 0
    outer loop
      vertex 7.13597 76.1137 1.5
      vertex 7.03348 76.4001 0
      vertex 7.03348 76.4001 1.5
    endloop
  endfacet
  facet normal 0.941529 0.336932 0
    outer loop
      vertex 7.03348 76.4001 0
      vertex 7.13597 76.1137 1.5
      vertex 7.13597 76.1137 0
    endloop
  endfacet
  facet normal 0.989174 -0.146749 0
    outer loop
      vertex 6.91493 77.6039 1.5
      vertex 6.95957 77.9048 0
      vertex 6.95957 77.9048 1.5
    endloop
  endfacet
  facet normal 0.989174 -0.146749 0
    outer loop
      vertex 6.95957 77.9048 0
      vertex 6.91493 77.6039 1.5
      vertex 6.91493 77.6039 0
    endloop
  endfacet
  facet normal 0.242922 -0.970046 0
    outer loop
      vertex 9.10012 80.2665 0
      vertex 9.39522 80.3404 2.2
      vertex 9.10012 80.2665 2.2
    endloop
  endfacet
  facet normal 0.242922 -0.970046 0
    outer loop
      vertex 9.39522 80.3404 2.2
      vertex 9.10012 80.2665 0
      vertex 9.39522 80.3404 0
    endloop
  endfacet
  facet normal -0.42738 -0.904072 0
    outer loop
      vertex 11.1863 80.164 0
      vertex 11.4613 80.034 2.2
      vertex 11.1863 80.164 2.2
    endloop
  endfacet
  facet normal -0.42738 -0.904072 -0
    outer loop
      vertex 11.4613 80.034 2.2
      vertex 11.1863 80.164 0
      vertex 11.4613 80.034 0
    endloop
  endfacet
  facet normal 0.740936 -0.671576 0
    outer loop
      vertex 7.60367 79.2666 2.2
      vertex 7.80797 79.492 0
      vertex 7.80797 79.492 2.2
    endloop
  endfacet
  facet normal 0.740936 -0.671576 0
    outer loop
      vertex 7.80797 79.492 0
      vertex 7.60367 79.2666 2.2
      vertex 7.60367 79.2666 0
    endloop
  endfacet
  facet normal -0.146942 -0.989145 0
    outer loop
      vertex 10.3039 80.3851 0
      vertex 10.6048 80.3404 2.2
      vertex 10.3039 80.3851 2.2
    endloop
  endfacet
  facet normal -0.146942 -0.989145 -0
    outer loop
      vertex 10.6048 80.3404 2.2
      vertex 10.3039 80.3851 0
      vertex 10.6048 80.3404 0
    endloop
  endfacet
  facet normal -0.336961 -0.941519 0
    outer loop
      vertex 10.8999 80.2665 0
      vertex 11.1863 80.164 2.2
      vertex 10.8999 80.2665 2.2
    endloop
  endfacet
  facet normal -0.336961 -0.941519 -0
    outer loop
      vertex 11.1863 80.164 2.2
      vertex 10.8999 80.2665 0
      vertex 11.1863 80.164 0
    endloop
  endfacet
  facet normal -0.941519 0.336961 0
    outer loop
      vertex 12.864 76.1137 0
      vertex 12.9665 76.4001 1.5
      vertex 12.9665 76.4001 0
    endloop
  endfacet
  facet normal -0.941519 0.336961 0
    outer loop
      vertex 12.9665 76.4001 1.5
      vertex 12.864 76.1137 0
      vertex 12.864 76.1137 1.5
    endloop
  endfacet
  facet normal -0.0489705 -0.9988 0
    outer loop
      vertex 10 80.4 0
      vertex 10.3039 80.3851 2.2
      vertex 10 80.4 2.2
    endloop
  endfacet
  facet normal -0.0489705 -0.9988 -0
    outer loop
      vertex 10.3039 80.3851 2.2
      vertex 10 80.4 0
      vertex 10.3039 80.3851 0
    endloop
  endfacet
  facet normal -0.9988 0.0489705 0
    outer loop
      vertex 13.0851 76.9961 0
      vertex 13.1 77.3 1.5
      vertex 13.1 77.3 0
    endloop
  endfacet
  facet normal -0.9988 0.0489705 0
    outer loop
      vertex 13.1 77.3 1.5
      vertex 13.0851 76.9961 0
      vertex 13.0851 76.9961 1.5
    endloop
  endfacet
  facet normal 0.146927 -0.989147 0
    outer loop
      vertex 9.39522 80.3404 0
      vertex 9.69615 80.3851 2.2
      vertex 9.39522 80.3404 2.2
    endloop
  endfacet
  facet normal 0.146927 -0.989147 0
    outer loop
      vertex 9.69615 80.3851 2.2
      vertex 9.39522 80.3404 0
      vertex 9.69615 80.3851 0
    endloop
  endfacet
  facet normal -0.0489705 0.9988 0
    outer loop
      vertex 10.3039 74.2149 0
      vertex 10 74.2 1.5
      vertex 10.3039 74.2149 1.5
    endloop
  endfacet
  facet normal -0.0489705 0.9988 0
    outer loop
      vertex 10 74.2 1.5
      vertex 10.3039 74.2149 0
      vertex 10 74.2 0
    endloop
  endfacet
  facet normal 0.671559 -0.740951 0
    outer loop
      vertex 7.80797 79.492 0
      vertex 8.03338 79.6963 2.2
      vertex 7.80797 79.492 2.2
    endloop
  endfacet
  facet normal 0.671559 -0.740951 0
    outer loop
      vertex 8.03338 79.6963 2.2
      vertex 7.80797 79.492 0
      vertex 8.03338 79.6963 0
    endloop
  endfacet
  facet normal 0.803159 -0.595765 0
    outer loop
      vertex 7.48009 79.1 1.5
      vertex 7.60367 79.2666 2.2
      vertex 7.48009 79.1 2.2
    endloop
  endfacet
  facet normal 0.803159 -0.595765 0
    outer loop
      vertex 7.60367 79.2666 2.2
      vertex 7.48009 79.1 1.5
      vertex 7.60367 79.2666 0
    endloop
  endfacet
  facet normal 0.80309 -0.595858 0
    outer loop
      vertex 7.42244 79.0223 0
      vertex 7.48009 79.1 1.5
      vertex 7.42244 79.0223 1.5
    endloop
  endfacet
  facet normal 0.803137 -0.595794 -5.09344e-06
    outer loop
      vertex 7.48009 79.1 1.5
      vertex 7.42244 79.0223 0
      vertex 7.60367 79.2666 0
    endloop
  endfacet
  facet normal -0.595943 -0.803027 0
    outer loop
      vertex 11.7223 79.8776 0
      vertex 11.9666 79.6963 2.2
      vertex 11.7223 79.8776 2.2
    endloop
  endfacet
  facet normal -0.595943 -0.803027 -0
    outer loop
      vertex 11.9666 79.6963 2.2
      vertex 11.7223 79.8776 0
      vertex 11.9666 79.6963 0
    endloop
  endfacet
  facet normal 0.427367 -0.904078 0
    outer loop
      vertex 8.53867 80.034 0
      vertex 8.81368 80.164 2.2
      vertex 8.53867 80.034 2.2
    endloop
  endfacet
  facet normal 0.427367 -0.904078 0
    outer loop
      vertex 8.81368 80.164 2.2
      vertex 8.53867 80.034 0
      vertex 8.81368 80.164 0
    endloop
  endfacet
  facet normal 0.998795 -0.0490688 0
    outer loop
      vertex 6.9 77.3 1.5
      vertex 6.91493 77.6039 0
      vertex 6.91493 77.6039 1.5
    endloop
  endfacet
  facet normal 0.998795 -0.0490688 0
    outer loop
      vertex 6.91493 77.6039 0
      vertex 6.9 77.3 1.5
      vertex 6.9 77.3 0
    endloop
  endfacet
  facet normal 0.857783 -0.514012 0
    outer loop
      vertex 7.26604 78.7613 1.5
      vertex 7.42244 79.0223 0
      vertex 7.42244 79.0223 1.5
    endloop
  endfacet
  facet normal 0.857783 -0.514012 0
    outer loop
      vertex 7.42244 79.0223 0
      vertex 7.26604 78.7613 1.5
      vertex 7.26604 78.7613 0
    endloop
  endfacet
  facet normal -0.904072 -0.42738 0
    outer loop
      vertex 12.864 78.4863 0
      vertex 12.734 78.7613 1.5
      vertex 12.734 78.7613 0
    endloop
  endfacet
  facet normal -0.904072 -0.42738 0
    outer loop
      vertex 12.734 78.7613 1.5
      vertex 12.864 78.4863 0
      vertex 12.864 78.4863 1.5
    endloop
  endfacet
  facet normal -0.970046 0.242922 0
    outer loop
      vertex 12.9665 76.4001 0
      vertex 13.0404 76.6952 1.5
      vertex 13.0404 76.6952 0
    endloop
  endfacet
  facet normal -0.970046 0.242922 0
    outer loop
      vertex 13.0404 76.6952 1.5
      vertex 12.9665 76.4001 0
      vertex 12.9665 76.4001 1.5
    endloop
  endfacet
  facet normal -0.42738 0.904072 0
    outer loop
      vertex 11.4613 74.566 0
      vertex 11.1863 74.436 1.5
      vertex 11.4613 74.566 1.5
    endloop
  endfacet
  facet normal -0.42738 0.904072 0
    outer loop
      vertex 11.1863 74.436 1.5
      vertex 11.4613 74.566 0
      vertex 11.1863 74.436 0
    endloop
  endfacet
  facet normal -0.514012 0.857783 0
    outer loop
      vertex 11.7223 74.7224 0
      vertex 11.4613 74.566 1.5
      vertex 11.7223 74.7224 1.5
    endloop
  endfacet
  facet normal -0.514012 0.857783 0
    outer loop
      vertex 11.4613 74.566 1.5
      vertex 11.7223 74.7224 0
      vertex 11.4613 74.566 0
    endloop
  endfacet
  facet normal -0.671576 0.740936 0
    outer loop
      vertex 12.192 75.108 0
      vertex 11.9666 74.9037 1.5
      vertex 12.192 75.108 1.5
    endloop
  endfacet
  facet normal -0.671576 0.740936 0
    outer loop
      vertex 11.9666 74.9037 1.5
      vertex 12.192 75.108 0
      vertex 11.9666 74.9037 0
    endloop
  endfacet
  facet normal -0.989145 0.146942 0
    outer loop
      vertex 13.0404 76.6952 0
      vertex 13.0851 76.9961 1.5
      vertex 13.0851 76.9961 0
    endloop
  endfacet
  facet normal -0.989145 0.146942 0
    outer loop
      vertex 13.0851 76.9961 1.5
      vertex 13.0404 76.6952 0
      vertex 13.0404 76.6952 1.5
    endloop
  endfacet
  facet normal 0.595864 -0.803085 0
    outer loop
      vertex 8.03338 79.6963 0
      vertex 8.27773 79.8776 2.2
      vertex 8.03338 79.6963 2.2
    endloop
  endfacet
  facet normal 0.595864 -0.803085 0
    outer loop
      vertex 8.27773 79.8776 2.2
      vertex 8.03338 79.6963 0
      vertex 8.27773 79.8776 0
    endloop
  endfacet
  facet normal 0 0 -1
    outer loop
      vertex 12.5199 79.1 2.2
      vertex 12.192 79.492 2.2
      vertex 12.3963 79.2666 2.2
    endloop
  endfacet
  facet normal 0 0 -1
    outer loop
      vertex 12.5199 79.1 2.2
      vertex 11.9666 79.6963 2.2
      vertex 12.192 79.492 2.2
    endloop
  endfacet
  facet normal 0 0 -1
    outer loop
      vertex 12.5199 79.1 2.2
      vertex 11.7223 79.8776 2.2
      vertex 11.9666 79.6963 2.2
    endloop
  endfacet
  facet normal 0 0 -1
    outer loop
      vertex 12.5199 79.1 2.2
      vertex 11.4613 80.034 2.2
      vertex 11.7223 79.8776 2.2
    endloop
  endfacet
  facet normal 0 0 -1
    outer loop
      vertex 12.5199 79.1 2.2
      vertex 11.1863 80.164 2.2
      vertex 11.4613 80.034 2.2
    endloop
  endfacet
  facet normal 0 0 -1
    outer loop
      vertex 12.5199 79.1 2.2
      vertex 10.8999 80.2665 2.2
      vertex 11.1863 80.164 2.2
    endloop
  endfacet
  facet normal 0 0 -1
    outer loop
      vertex 12.5199 79.1 2.2
      vertex 10.6048 80.3404 2.2
      vertex 10.8999 80.2665 2.2
    endloop
  endfacet
  facet normal 0 0 -1
    outer loop
      vertex 12.5199 79.1 2.2
      vertex 10.3039 80.3851 2.2
      vertex 10.6048 80.3404 2.2
    endloop
  endfacet
  facet normal 0 0 -1
    outer loop
      vertex 12.5199 79.1 2.2
      vertex 10 80.4 2.2
      vertex 10.3039 80.3851 2.2
    endloop
  endfacet
  facet normal 0 0 -1
    outer loop
      vertex 12.5199 79.1 2.2
      vertex 9.69615 80.3851 2.2
      vertex 10 80.4 2.2
    endloop
  endfacet
  facet normal 0 0 -1
    outer loop
      vertex 12.5199 79.1 2.2
      vertex 9.39522 80.3404 2.2
      vertex 9.69615 80.3851 2.2
    endloop
  endfacet
  facet normal 0 0 -1
    outer loop
      vertex 12.5199 79.1 2.2
      vertex 9.10012 80.2665 2.2
      vertex 9.39522 80.3404 2.2
    endloop
  endfacet
  facet normal 0 0 -1
    outer loop
      vertex 12.5199 79.1 2.2
      vertex 8.81368 80.164 2.2
      vertex 9.10012 80.2665 2.2
    endloop
  endfacet
  facet normal 0 0 -1
    outer loop
      vertex 12.5199 79.1 2.2
      vertex 8.53867 80.034 2.2
      vertex 8.81368 80.164 2.2
    endloop
  endfacet
  facet normal 0 0 -1
    outer loop
      vertex 12.5199 79.1 2.2
      vertex 8.27773 79.8776 2.2
      vertex 8.53867 80.034 2.2
    endloop
  endfacet
  facet normal 0 0 -1
    outer loop
      vertex 12.5199 79.1 2.2
      vertex 8.03338 79.6963 2.2
      vertex 8.27773 79.8776 2.2
    endloop
  endfacet
  facet normal 0 0 -1
    outer loop
      vertex 12.5199 79.1 2.2
      vertex 7.80797 79.492 2.2
      vertex 8.03338 79.6963 2.2
    endloop
  endfacet
  facet normal 0 0 -1
    outer loop
      vertex 7.48009 79.1 2.2
      vertex 7.80797 79.492 2.2
      vertex 12.5199 79.1 2.2
    endloop
  endfacet
  facet normal 0 0 -1
    outer loop
      vertex 7.80797 79.492 2.2
      vertex 7.48009 79.1 2.2
      vertex 7.60367 79.2666 2.2
    endloop
  endfacet
  facet normal 0.336919 -0.941534 0
    outer loop
      vertex 8.81368 80.164 0
      vertex 9.10012 80.2665 2.2
      vertex 8.81368 80.164 2.2
    endloop
  endfacet
  facet normal 0.336919 -0.941534 0
    outer loop
      vertex 9.10012 80.2665 2.2
      vertex 8.81368 80.164 0
      vertex 9.10012 80.2665 0
    endloop
  endfacet
  facet normal 0.514099 0.857731 -0
    outer loop
      vertex 8.53867 74.566 0
      vertex 8.27773 74.7224 1.5
      vertex 8.53867 74.566 1.5
    endloop
  endfacet
  facet normal 0.514099 0.857731 0
    outer loop
      vertex 8.27773 74.7224 1.5
      vertex 8.53867 74.566 0
      vertex 8.27773 74.7224 0
    endloop
  endfacet
  facet normal 0.903983 0.427568 0
    outer loop
      vertex 7.26604 75.8387 1.5
      vertex 7.13597 76.1137 0
      vertex 7.13597 76.1137 1.5
    endloop
  endfacet
  facet normal 0.903983 0.427568 0
    outer loop
      vertex 7.13597 76.1137 0
      vertex 7.26604 75.8387 1.5
      vertex 7.26604 75.8387 0
    endloop
  endfacet
  facet normal -0.857783 -0.514012 0
    outer loop
      vertex 12.734 78.7613 0
      vertex 12.5776 79.0223 1.5
      vertex 12.5776 79.0223 0
    endloop
  endfacet
  facet normal -0.857783 -0.514012 0
    outer loop
      vertex 12.5776 79.0223 1.5
      vertex 12.734 78.7613 0
      vertex 12.734 78.7613 1.5
    endloop
  endfacet
  facet normal -0.671576 -0.740936 0
    outer loop
      vertex 11.9666 79.6963 0
      vertex 12.192 79.492 2.2
      vertex 11.9666 79.6963 2.2
    endloop
  endfacet
  facet normal -0.671576 -0.740936 -0
    outer loop
      vertex 12.192 79.492 2.2
      vertex 11.9666 79.6963 0
      vertex 12.192 79.492 0
    endloop
  endfacet
  facet normal 0.803137 0.595794 0
    outer loop
      vertex 7.60367 75.3334 1.5
      vertex 7.42244 75.5777 0
      vertex 7.42244 75.5777 1.5
    endloop
  endfacet
  facet normal 0.803137 0.595794 0
    outer loop
      vertex 7.42244 75.5777 0
      vertex 7.60367 75.3334 1.5
      vertex 7.60367 75.3334 0
    endloop
  endfacet
  facet normal -0.740936 0.671576 0
    outer loop
      vertex 12.192 75.108 0
      vertex 12.3963 75.3334 1.5
      vertex 12.3963 75.3334 0
    endloop
  endfacet
  facet normal -0.740936 0.671576 0
    outer loop
      vertex 12.3963 75.3334 1.5
      vertex 12.192 75.108 0
      vertex 12.192 75.108 1.5
    endloop
  endfacet
  facet normal -0.803113 -0.595827 0
    outer loop
      vertex 12.3963 79.2666 0
      vertex 12.5199 79.1 1.5
      vertex 12.3963 79.2666 2.2
    endloop
  endfacet
  facet normal -0.803027 -0.595943 -1.99415e-05
    outer loop
      vertex 12.5776 79.0223 0
      vertex 12.5199 79.1 1.5
      vertex 12.3963 79.2666 0
    endloop
  endfacet
  facet normal -0.802843 -0.596191 0
    outer loop
      vertex 12.5199 79.1 1.5
      vertex 12.5776 79.0223 0
      vertex 12.5776 79.0223 1.5
    endloop
  endfacet
  facet normal -0.803113 -0.595827 0
    outer loop
      vertex 12.3963 79.2666 2.2
      vertex 12.5199 79.1 1.5
      vertex 12.5199 79.1 2.2
    endloop
  endfacet
  facet normal -0.336961 0.941519 0
    outer loop
      vertex 11.1863 74.436 0
      vertex 10.8999 74.3335 1.5
      vertex 11.1863 74.436 1.5
    endloop
  endfacet
  facet normal -0.336961 0.941519 0
    outer loop
      vertex 10.8999 74.3335 1.5
      vertex 11.1863 74.436 0
      vertex 10.8999 74.3335 0
    endloop
  endfacet
  facet normal 0.595864 0.803085 -0
    outer loop
      vertex 8.27773 74.7224 0
      vertex 8.03338 74.9037 1.5
      vertex 8.27773 74.7224 1.5
    endloop
  endfacet
  facet normal 0.595864 0.803085 0
    outer loop
      vertex 8.03338 74.9037 1.5
      vertex 8.27773 74.7224 0
      vertex 8.03338 74.9037 0
    endloop
  endfacet
  facet normal 0.242922 0.970046 -0
    outer loop
      vertex 9.39522 74.2596 0
      vertex 9.10012 74.3335 1.5
      vertex 9.39522 74.2596 1.5
    endloop
  endfacet
  facet normal 0.242922 0.970046 0
    outer loop
      vertex 9.10012 74.3335 1.5
      vertex 9.39522 74.2596 0
      vertex 9.10012 74.3335 0
    endloop
  endfacet
  facet normal 0.903983 -0.427568 0
    outer loop
      vertex 7.13597 78.4863 1.5
      vertex 7.26604 78.7613 0
      vertex 7.26604 78.7613 1.5
    endloop
  endfacet
  facet normal 0.903983 -0.427568 0
    outer loop
      vertex 7.26604 78.7613 0
      vertex 7.13597 78.4863 1.5
      vertex 7.13597 78.4863 0
    endloop
  endfacet
  facet normal -0.857783 0.514012 0
    outer loop
      vertex 12.5776 75.5777 0
      vertex 12.734 75.8387 1.5
      vertex 12.734 75.8387 0
    endloop
  endfacet
  facet normal -0.857783 0.514012 0
    outer loop
      vertex 12.734 75.8387 1.5
      vertex 12.5776 75.5777 0
      vertex 12.5776 75.5777 1.5
    endloop
  endfacet
  facet normal -0.514012 -0.857783 0
    outer loop
      vertex 11.4613 80.034 0
      vertex 11.7223 79.8776 2.2
      vertex 11.4613 80.034 2.2
    endloop
  endfacet
  facet normal -0.514012 -0.857783 -0
    outer loop
      vertex 11.7223 79.8776 2.2
      vertex 11.4613 80.034 0
      vertex 11.7223 79.8776 0
    endloop
  endfacet
  facet normal 0.336919 0.941534 -0
    outer loop
      vertex 9.10012 74.3335 0
      vertex 8.81368 74.436 1.5
      vertex 9.10012 74.3335 1.5
    endloop
  endfacet
  facet normal 0.336919 0.941534 0
    outer loop
      vertex 8.81368 74.436 1.5
      vertex 9.10012 74.3335 0
      vertex 8.81368 74.436 0
    endloop
  endfacet
  facet normal -0.740936 -0.671576 0
    outer loop
      vertex 12.3963 79.2666 0
      vertex 12.192 79.492 2.2
      vertex 12.192 79.492 0
    endloop
  endfacet
  facet normal -0.740936 -0.671576 0
    outer loop
      vertex 12.192 79.492 2.2
      vertex 12.3963 79.2666 0
      vertex 12.3963 79.2666 2.2
    endloop
  endfacet
  facet normal 0.970038 -0.242953 0
    outer loop
      vertex 6.95957 77.9048 1.5
      vertex 7.03348 78.1999 0
      vertex 7.03348 78.1999 1.5
    endloop
  endfacet
  facet normal 0.970038 -0.242953 0
    outer loop
      vertex 7.03348 78.1999 0
      vertex 6.95957 77.9048 1.5
      vertex 6.95957 77.9048 0
    endloop
  endfacet
  facet normal -0.970046 -0.242922 0
    outer loop
      vertex 13.0404 77.9048 0
      vertex 12.9665 78.1999 1.5
      vertex 12.9665 78.1999 0
    endloop
  endfacet
  facet normal -0.970046 -0.242922 0
    outer loop
      vertex 12.9665 78.1999 1.5
      vertex 13.0404 77.9048 0
      vertex 13.0404 77.9048 1.5
    endloop
  endfacet
  facet normal -0.803027 0.595943 0
    outer loop
      vertex 12.3963 75.3334 0
      vertex 12.5776 75.5777 1.5
      vertex 12.5776 75.5777 0
    endloop
  endfacet
  facet normal -0.803027 0.595943 0
    outer loop
      vertex 12.5776 75.5777 1.5
      vertex 12.3963 75.3334 0
      vertex 12.3963 75.3334 1.5
    endloop
  endfacet
  facet normal 0.941529 -0.336932 0
    outer loop
      vertex 7.03348 78.1999 1.5
      vertex 7.13597 78.4863 0
      vertex 7.13597 78.4863 1.5
    endloop
  endfacet
  facet normal 0.941529 -0.336932 0
    outer loop
      vertex 7.13597 78.4863 0
      vertex 7.03348 78.1999 1.5
      vertex 7.03348 78.1999 0
    endloop
  endfacet
  facet normal 0.0489785 -0.9988 0
    outer loop
      vertex 9.69615 80.3851 0
      vertex 10 80.4 2.2
      vertex 9.69615 80.3851 2.2
    endloop
  endfacet
  facet normal 0.0489785 -0.9988 0
    outer loop
      vertex 10 80.4 2.2
      vertex 9.69615 80.3851 0
      vertex 10 80.4 0
    endloop
  endfacet
  facet normal 0.989174 0.146749 0
    outer loop
      vertex 6.95957 76.6952 1.5
      vertex 6.91493 76.9961 0
      vertex 6.91493 76.9961 1.5
    endloop
  endfacet
  facet normal 0.989174 0.146749 0
    outer loop
      vertex 6.91493 76.9961 0
      vertex 6.95957 76.6952 1.5
      vertex 6.95957 76.6952 0
    endloop
  endfacet
  facet normal -0.146942 0.989145 0
    outer loop
      vertex 10.6048 74.2596 0
      vertex 10.3039 74.2149 1.5
      vertex 10.6048 74.2596 1.5
    endloop
  endfacet
  facet normal -0.146942 0.989145 0
    outer loop
      vertex 10.3039 74.2149 1.5
      vertex 10.6048 74.2596 0
      vertex 10.3039 74.2149 0
    endloop
  endfacet
  facet normal -0.242922 0.970046 0
    outer loop
      vertex 10.8999 74.3335 0
      vertex 10.6048 74.2596 1.5
      vertex 10.8999 74.3335 1.5
    endloop
  endfacet
  facet normal -0.242922 0.970046 0
    outer loop
      vertex 10.6048 74.2596 1.5
      vertex 10.8999 74.3335 0
      vertex 10.6048 74.2596 0
    endloop
  endfacet
  facet normal 0.740936 0.671576 0
    outer loop
      vertex 7.80797 75.108 1.5
      vertex 7.60367 75.3334 0
      vertex 7.60367 75.3334 1.5
    endloop
  endfacet
  facet normal 0.740936 0.671576 0
    outer loop
      vertex 7.60367 75.3334 0
      vertex 7.80797 75.108 1.5
      vertex 7.80797 75.108 0
    endloop
  endfacet
  facet normal -0.904072 0.42738 0
    outer loop
      vertex 12.734 75.8387 0
      vertex 12.864 76.1137 1.5
      vertex 12.864 76.1137 0
    endloop
  endfacet
  facet normal -0.904072 0.42738 0
    outer loop
      vertex 12.864 76.1137 1.5
      vertex 12.734 75.8387 0
      vertex 12.734 75.8387 1.5
    endloop
  endfacet
  facet normal 0.0489785 0.9988 -0
    outer loop
      vertex 10 74.2 0
      vertex 9.69615 74.2149 1.5
      vertex 10 74.2 1.5
    endloop
  endfacet
  facet normal 0.0489785 0.9988 0
    outer loop
      vertex 9.69615 74.2149 1.5
      vertex 10 74.2 0
      vertex 9.69615 74.2149 0
    endloop
  endfacet
  facet normal -0.242922 -0.970046 0
    outer loop
      vertex 10.6048 80.3404 0
      vertex 10.8999 80.2665 2.2
      vertex 10.6048 80.3404 2.2
    endloop
  endfacet
  facet normal -0.242922 -0.970046 -0
    outer loop
      vertex 10.8999 80.2665 2.2
      vertex 10.6048 80.3404 0
      vertex 10.8999 80.2665 0
    endloop
  endfacet
  facet normal 0.998795 0.0490688 0
    outer loop
      vertex 6.91493 76.9961 1.5
      vertex 6.9 77.3 0
      vertex 6.9 77.3 1.5
    endloop
  endfacet
  facet normal 0.998795 0.0490688 0
    outer loop
      vertex 6.9 77.3 0
      vertex 6.91493 76.9961 1.5
      vertex 6.91493 76.9961 0
    endloop
  endfacet
  facet normal -0.595943 0.803027 0
    outer loop
      vertex 11.9666 74.9037 0
      vertex 11.7223 74.7224 1.5
      vertex 11.9666 74.9037 1.5
    endloop
  endfacet
  facet normal -0.595943 0.803027 0
    outer loop
      vertex 11.7223 74.7224 1.5
      vertex 11.9666 74.9037 0
      vertex 11.7223 74.7224 0
    endloop
  endfacet
  facet normal 0.857783 0.514012 0
    outer loop
      vertex 7.42244 75.5777 1.5
      vertex 7.26604 75.8387 0
      vertex 7.26604 75.8387 1.5
    endloop
  endfacet
  facet normal 0.857783 0.514012 0
    outer loop
      vertex 7.26604 75.8387 0
      vertex 7.42244 75.5777 1.5
      vertex 7.42244 75.5777 0
    endloop
  endfacet
  facet normal 0.146927 0.989147 -0
    outer loop
      vertex 9.69615 74.2149 0
      vertex 9.39522 74.2596 1.5
      vertex 9.69615 74.2149 1.5
    endloop
  endfacet
  facet normal 0.146927 0.989147 0
    outer loop
      vertex 9.39522 74.2596 1.5
      vertex 9.69615 74.2149 0
      vertex 9.39522 74.2596 0
    endloop
  endfacet
  facet normal 0.514099 -0.857731 0
    outer loop
      vertex 8.27773 79.8776 0
      vertex 8.53867 80.034 2.2
      vertex 8.27773 79.8776 2.2
    endloop
  endfacet
  facet normal 0.514099 -0.857731 0
    outer loop
      vertex 8.53867 80.034 2.2
      vertex 8.27773 79.8776 0
      vertex 8.53867 80.034 0
    endloop
  endfacet
  facet normal 0.427367 0.904078 -0
    outer loop
      vertex 8.81368 74.436 0
      vertex 8.53867 74.566 1.5
      vertex 8.81368 74.436 1.5
    endloop
  endfacet
  facet normal 0.427367 0.904078 0
    outer loop
      vertex 8.53867 74.566 1.5
      vertex 8.81368 74.436 0
      vertex 8.53867 74.566 0
    endloop
  endfacet
  facet normal 0.671559 0.740951 -0
    outer loop
      vertex 8.03338 74.9037 0
      vertex 7.80797 75.108 1.5
      vertex 8.03338 74.9037 1.5
    endloop
  endfacet
  facet normal 0.671559 0.740951 0
    outer loop
      vertex 7.80797 75.108 1.5
      vertex 8.03338 74.9037 0
      vertex 7.80797 75.108 0
    endloop
  endfacet
  facet normal 0.337379 0.941369 -0
    outer loop
      vertex 145.7 74.3335 0
      vertex 145.414 74.436 1.5
      vertex 145.7 74.3335 1.5
    endloop
  endfacet
  facet normal 0.337379 0.941369 0
    outer loop
      vertex 145.414 74.436 1.5
      vertex 145.7 74.3335 0
      vertex 145.414 74.436 0
    endloop
  endfacet
  facet normal -0.989001 -0.147906 0
    outer loop
      vertex 149.685 77.6039 0
      vertex 149.64 77.9048 1.5
      vertex 149.64 77.9048 0
    endloop
  endfacet
  facet normal -0.989001 -0.147906 0
    outer loop
      vertex 149.64 77.9048 1.5
      vertex 149.685 77.6039 0
      vertex 149.685 77.6039 1.5
    endloop
  endfacet
  facet normal -0.998784 -0.0492983 0
    outer loop
      vertex 149.7 77.3 0
      vertex 149.685 77.6039 1.5
      vertex 149.685 77.6039 0
    endloop
  endfacet
  facet normal -0.998784 -0.0492983 0
    outer loop
      vertex 149.685 77.6039 1.5
      vertex 149.7 77.3 0
      vertex 149.7 77.3 1.5
    endloop
  endfacet
  facet normal -0.970739 -0.240135 0
    outer loop
      vertex 149.64 77.9048 0
      vertex 149.567 78.1999 1.5
      vertex 149.567 78.1999 0
    endloop
  endfacet
  facet normal -0.970739 -0.240135 0
    outer loop
      vertex 149.567 78.1999 1.5
      vertex 149.64 77.9048 0
      vertex 149.64 77.9048 1.5
    endloop
  endfacet
  facet normal 0.989001 -0.147906 0
    outer loop
      vertex 143.515 77.6039 1.5
      vertex 143.56 77.9048 0
      vertex 143.56 77.9048 1.5
    endloop
  endfacet
  facet normal 0.989001 -0.147906 0
    outer loop
      vertex 143.56 77.9048 0
      vertex 143.515 77.6039 1.5
      vertex 143.515 77.6039 0
    endloop
  endfacet
  facet normal 0.243 0.970026 -0
    outer loop
      vertex 145.995 74.2596 0
      vertex 145.7 74.3335 1.5
      vertex 145.995 74.2596 1.5
    endloop
  endfacet
  facet normal 0.243 0.970026 0
    outer loop
      vertex 145.7 74.3335 1.5
      vertex 145.995 74.2596 0
      vertex 145.7 74.3335 0
    endloop
  endfacet
  facet normal -0.337379 -0.941369 0
    outer loop
      vertex 147.5 80.2665 0
      vertex 147.786 80.164 2.2
      vertex 147.5 80.2665 2.2
    endloop
  endfacet
  facet normal -0.337379 -0.941369 -0
    outer loop
      vertex 147.786 80.164 2.2
      vertex 147.5 80.2665 0
      vertex 147.786 80.164 0
    endloop
  endfacet
  facet normal 0.514012 -0.857783 0
    outer loop
      vertex 144.878 79.8776 0
      vertex 145.139 80.034 2.2
      vertex 144.878 79.8776 2.2
    endloop
  endfacet
  facet normal 0.514012 -0.857783 0
    outer loop
      vertex 145.139 80.034 2.2
      vertex 144.878 79.8776 0
      vertex 145.139 80.034 0
    endloop
  endfacet
  facet normal 0.904072 0.42738 0
    outer loop
      vertex 143.866 75.8387 1.5
      vertex 143.736 76.1137 0
      vertex 143.736 76.1137 1.5
    endloop
  endfacet
  facet normal 0.904072 0.42738 0
    outer loop
      vertex 143.736 76.1137 0
      vertex 143.866 75.8387 1.5
      vertex 143.866 75.8387 0
    endloop
  endfacet
  facet normal 0.243 -0.970026 0
    outer loop
      vertex 145.7 80.2665 0
      vertex 145.995 80.3404 2.2
      vertex 145.7 80.2665 2.2
    endloop
  endfacet
  facet normal 0.243 -0.970026 0
    outer loop
      vertex 145.995 80.3404 2.2
      vertex 145.7 80.2665 0
      vertex 145.995 80.3404 0
    endloop
  endfacet
  facet normal 0.858362 0.513044 0
    outer loop
      vertex 144.022 75.5777 1.5
      vertex 143.866 75.8387 0
      vertex 143.866 75.8387 1.5
    endloop
  endfacet
  facet normal 0.858362 0.513044 0
    outer loop
      vertex 143.866 75.8387 0
      vertex 144.022 75.5777 1.5
      vertex 144.022 75.5777 0
    endloop
  endfacet
  facet normal -0.243 0.970026 0
    outer loop
      vertex 147.5 74.3335 0
      vertex 147.205 74.2596 1.5
      vertex 147.5 74.3335 1.5
    endloop
  endfacet
  facet normal -0.243 0.970026 0
    outer loop
      vertex 147.205 74.2596 1.5
      vertex 147.5 74.3335 0
      vertex 147.205 74.2596 0
    endloop
  endfacet
  facet normal 0.594843 0.803842 -0
    outer loop
      vertex 144.878 74.7224 0
      vertex 144.633 74.9037 1.5
      vertex 144.878 74.7224 1.5
    endloop
  endfacet
  facet normal 0.594843 0.803842 0
    outer loop
      vertex 144.633 74.9037 1.5
      vertex 144.878 74.7224 0
      vertex 144.633 74.9037 0
    endloop
  endfacet
  facet normal -0.514012 0.857783 0
    outer loop
      vertex 148.322 74.7224 0
      vertex 148.061 74.566 1.5
      vertex 148.322 74.7224 1.5
    endloop
  endfacet
  facet normal -0.514012 0.857783 0
    outer loop
      vertex 148.061 74.566 1.5
      vertex 148.322 74.7224 0
      vertex 148.061 74.566 0
    endloop
  endfacet
  facet normal -0.801926 0.597423 0
    outer loop
      vertex 148.996 75.3334 0
      vertex 149.178 75.5777 1.5
      vertex 149.178 75.5777 0
    endloop
  endfacet
  facet normal -0.801926 0.597423 0
    outer loop
      vertex 149.178 75.5777 1.5
      vertex 148.996 75.3334 0
      vertex 148.996 75.3334 1.5
    endloop
  endfacet
  facet normal -0.146894 -0.989152 0
    outer loop
      vertex 146.904 80.3851 0
      vertex 147.205 80.3404 2.2
      vertex 146.904 80.3851 2.2
    endloop
  endfacet
  facet normal -0.146894 -0.989152 -0
    outer loop
      vertex 147.205 80.3404 2.2
      vertex 146.904 80.3851 0
      vertex 147.205 80.3404 0
    endloop
  endfacet
  facet normal 0.594843 -0.803842 0
    outer loop
      vertex 144.633 79.6963 0
      vertex 144.878 79.8776 2.2
      vertex 144.633 79.6963 2.2
    endloop
  endfacet
  facet normal 0.594843 -0.803842 0
    outer loop
      vertex 144.878 79.8776 2.2
      vertex 144.633 79.6963 0
      vertex 144.878 79.8776 0
    endloop
  endfacet
  facet normal 0.80219 -0.597068 0
    outer loop
      vertex 144.08 79.1 1.5
      vertex 144.204 79.2666 2.2
      vertex 144.08 79.1 2.2
    endloop
  endfacet
  facet normal 0.80219 -0.597068 0
    outer loop
      vertex 144.204 79.2666 2.2
      vertex 144.08 79.1 1.5
      vertex 144.204 79.2666 0
    endloop
  endfacet
  facet normal 0.801359 -0.598183 0
    outer loop
      vertex 144.022 79.0223 0
      vertex 144.08 79.1 1.5
      vertex 144.022 79.0223 1.5
    endloop
  endfacet
  facet normal 0.801926 -0.597423 -6.12742e-05
    outer loop
      vertex 144.08 79.1 1.5
      vertex 144.022 79.0223 0
      vertex 144.204 79.2666 0
    endloop
  endfacet
  facet normal -0.989001 0.147906 0
    outer loop
      vertex 149.64 76.6952 0
      vertex 149.685 76.9961 1.5
      vertex 149.685 76.9961 0
    endloop
  endfacet
  facet normal -0.989001 0.147906 0
    outer loop
      vertex 149.685 76.9961 1.5
      vertex 149.64 76.6952 0
      vertex 149.64 76.6952 1.5
    endloop
  endfacet
  facet normal 0.940996 -0.338417 0
    outer loop
      vertex 143.633 78.1999 1.5
      vertex 143.736 78.4863 0
      vertex 143.736 78.4863 1.5
    endloop
  endfacet
  facet normal 0.940996 -0.338417 0
    outer loop
      vertex 143.736 78.4863 0
      vertex 143.633 78.1999 1.5
      vertex 143.633 78.1999 0
    endloop
  endfacet
  facet normal -0.42738 -0.904072 0
    outer loop
      vertex 147.786 80.164 0
      vertex 148.061 80.034 2.2
      vertex 147.786 80.164 2.2
    endloop
  endfacet
  facet normal -0.42738 -0.904072 -0
    outer loop
      vertex 148.061 80.034 2.2
      vertex 147.786 80.164 0
      vertex 148.061 80.034 0
    endloop
  endfacet
  facet normal 0.940996 0.338417 0
    outer loop
      vertex 143.736 76.1137 1.5
      vertex 143.633 76.4001 0
      vertex 143.633 76.4001 1.5
    endloop
  endfacet
  facet normal 0.940996 0.338417 0
    outer loop
      vertex 143.633 76.4001 0
      vertex 143.736 76.1137 1.5
      vertex 143.736 76.1137 0
    endloop
  endfacet
  facet normal -0.970739 0.240135 0
    outer loop
      vertex 149.567 76.4001 0
      vertex 149.64 76.6952 1.5
      vertex 149.64 76.6952 0
    endloop
  endfacet
  facet normal -0.970739 0.240135 0
    outer loop
      vertex 149.64 76.6952 1.5
      vertex 149.567 76.4001 0
      vertex 149.567 76.4001 1.5
    endloop
  endfacet
  facet normal 0.0489544 -0.998801 0
    outer loop
      vertex 146.296 80.3851 0
      vertex 146.6 80.4 2.2
      vertex 146.296 80.3851 2.2
    endloop
  endfacet
  facet normal 0.0489544 -0.998801 0
    outer loop
      vertex 146.6 80.4 2.2
      vertex 146.296 80.3851 0
      vertex 146.6 80.4 0
    endloop
  endfacet
  facet normal -0.67223 -0.740342 0
    outer loop
      vertex 148.567 79.6963 0
      vertex 148.792 79.492 2.2
      vertex 148.567 79.6963 2.2
    endloop
  endfacet
  facet normal -0.67223 -0.740342 -0
    outer loop
      vertex 148.792 79.492 2.2
      vertex 148.567 79.6963 0
      vertex 148.792 79.492 0
    endloop
  endfacet
  facet normal 0.42738 -0.904072 0
    outer loop
      vertex 145.139 80.034 0
      vertex 145.414 80.164 2.2
      vertex 145.139 80.034 2.2
    endloop
  endfacet
  facet normal 0.42738 -0.904072 0
    outer loop
      vertex 145.414 80.164 2.2
      vertex 145.139 80.034 0
      vertex 145.414 80.164 0
    endloop
  endfacet
  facet normal 0.67223 -0.740342 0
    outer loop
      vertex 144.408 79.492 0
      vertex 144.633 79.6963 2.2
      vertex 144.408 79.492 2.2
    endloop
  endfacet
  facet normal 0.67223 -0.740342 0
    outer loop
      vertex 144.633 79.6963 2.2
      vertex 144.408 79.492 0
      vertex 144.633 79.6963 0
    endloop
  endfacet
  facet normal -0.337379 0.941369 0
    outer loop
      vertex 147.786 74.436 0
      vertex 147.5 74.3335 1.5
      vertex 147.786 74.436 1.5
    endloop
  endfacet
  facet normal -0.337379 0.941369 0
    outer loop
      vertex 147.5 74.3335 1.5
      vertex 147.786 74.436 0
      vertex 147.5 74.3335 0
    endloop
  endfacet
  facet normal 0.337379 -0.941369 0
    outer loop
      vertex 145.414 80.164 0
      vertex 145.7 80.2665 2.2
      vertex 145.414 80.164 2.2
    endloop
  endfacet
  facet normal 0.337379 -0.941369 0
    outer loop
      vertex 145.7 80.2665 2.2
      vertex 145.414 80.164 0
      vertex 145.7 80.2665 0
    endloop
  endfacet
  facet normal -0.80219 -0.597068 0
    outer loop
      vertex 148.996 79.2666 0
      vertex 149.12 79.1 1.5
      vertex 148.996 79.2666 2.2
    endloop
  endfacet
  facet normal -0.801926 -0.597423 -6.12742e-05
    outer loop
      vertex 149.178 79.0223 0
      vertex 149.12 79.1 1.5
      vertex 148.996 79.2666 0
    endloop
  endfacet
  facet normal -0.801359 -0.598183 0
    outer loop
      vertex 149.12 79.1 1.5
      vertex 149.178 79.0223 0
      vertex 149.178 79.0223 1.5
    endloop
  endfacet
  facet normal -0.80219 -0.597068 0
    outer loop
      vertex 148.996 79.2666 2.2
      vertex 149.12 79.1 1.5
      vertex 149.12 79.1 2.2
    endloop
  endfacet
  facet normal 0.858362 -0.513044 0
    outer loop
      vertex 143.866 78.7613 1.5
      vertex 144.022 79.0223 0
      vertex 144.022 79.0223 1.5
    endloop
  endfacet
  facet normal 0.858362 -0.513044 0
    outer loop
      vertex 144.022 79.0223 0
      vertex 143.866 78.7613 1.5
      vertex 143.866 78.7613 0
    endloop
  endfacet
  facet normal -0.998784 0.0492983 0
    outer loop
      vertex 149.685 76.9961 0
      vertex 149.7 77.3 1.5
      vertex 149.7 77.3 0
    endloop
  endfacet
  facet normal -0.998784 0.0492983 0
    outer loop
      vertex 149.7 77.3 1.5
      vertex 149.685 76.9961 0
      vertex 149.685 76.9961 1.5
    endloop
  endfacet
  facet normal -0.904072 0.42738 0
    outer loop
      vertex 149.334 75.8387 0
      vertex 149.464 76.1137 1.5
      vertex 149.464 76.1137 0
    endloop
  endfacet
  facet normal -0.904072 0.42738 0
    outer loop
      vertex 149.464 76.1137 1.5
      vertex 149.334 75.8387 0
      vertex 149.334 75.8387 1.5
    endloop
  endfacet
  facet normal 0 0 -1
    outer loop
      vertex 149.12 79.1 2.2
      vertex 148.792 79.492 2.2
      vertex 148.996 79.2666 2.2
    endloop
  endfacet
  facet normal 0 0 -1
    outer loop
      vertex 149.12 79.1 2.2
      vertex 148.567 79.6963 2.2
      vertex 148.792 79.492 2.2
    endloop
  endfacet
  facet normal 0 0 -1
    outer loop
      vertex 149.12 79.1 2.2
      vertex 148.322 79.8776 2.2
      vertex 148.567 79.6963 2.2
    endloop
  endfacet
  facet normal 0 0 -1
    outer loop
      vertex 149.12 79.1 2.2
      vertex 148.061 80.034 2.2
      vertex 148.322 79.8776 2.2
    endloop
  endfacet
  facet normal 0 0 -1
    outer loop
      vertex 149.12 79.1 2.2
      vertex 147.786 80.164 2.2
      vertex 148.061 80.034 2.2
    endloop
  endfacet
  facet normal 0 0 -1
    outer loop
      vertex 149.12 79.1 2.2
      vertex 147.5 80.2665 2.2
      vertex 147.786 80.164 2.2
    endloop
  endfacet
  facet normal 0 0 -1
    outer loop
      vertex 149.12 79.1 2.2
      vertex 147.205 80.3404 2.2
      vertex 147.5 80.2665 2.2
    endloop
  endfacet
  facet normal 0 0 -1
    outer loop
      vertex 149.12 79.1 2.2
      vertex 146.904 80.3851 2.2
      vertex 147.205 80.3404 2.2
    endloop
  endfacet
  facet normal 0 0 -1
    outer loop
      vertex 149.12 79.1 2.2
      vertex 146.6 80.4 2.2
      vertex 146.904 80.3851 2.2
    endloop
  endfacet
  facet normal 0 0 -1
    outer loop
      vertex 149.12 79.1 2.2
      vertex 146.296 80.3851 2.2
      vertex 146.6 80.4 2.2
    endloop
  endfacet
  facet normal 0 0 -1
    outer loop
      vertex 149.12 79.1 2.2
      vertex 145.995 80.3404 2.2
      vertex 146.296 80.3851 2.2
    endloop
  endfacet
  facet normal 0 0 -1
    outer loop
      vertex 149.12 79.1 2.2
      vertex 145.7 80.2665 2.2
      vertex 145.995 80.3404 2.2
    endloop
  endfacet
  facet normal 0 0 -1
    outer loop
      vertex 149.12 79.1 2.2
      vertex 145.414 80.164 2.2
      vertex 145.7 80.2665 2.2
    endloop
  endfacet
  facet normal 0 0 -1
    outer loop
      vertex 149.12 79.1 2.2
      vertex 145.139 80.034 2.2
      vertex 145.414 80.164 2.2
    endloop
  endfacet
  facet normal 0 0 -1
    outer loop
      vertex 149.12 79.1 2.2
      vertex 144.878 79.8776 2.2
      vertex 145.139 80.034 2.2
    endloop
  endfacet
  facet normal 0 0 -1
    outer loop
      vertex 149.12 79.1 2.2
      vertex 144.633 79.6963 2.2
      vertex 144.878 79.8776 2.2
    endloop
  endfacet
  facet normal 0 0 -1
    outer loop
      vertex 149.12 79.1 2.2
      vertex 144.408 79.492 2.2
      vertex 144.633 79.6963 2.2
    endloop
  endfacet
  facet normal 0 0 -1
    outer loop
      vertex 144.08 79.1 2.2
      vertex 144.408 79.492 2.2
      vertex 149.12 79.1 2.2
    endloop
  endfacet
  facet normal 0 0 -1
    outer loop
      vertex 144.408 79.492 2.2
      vertex 144.08 79.1 2.2
      vertex 144.204 79.2666 2.2
    endloop
  endfacet
  facet normal -0.594843 -0.803842 0
    outer loop
      vertex 148.322 79.8776 0
      vertex 148.567 79.6963 2.2
      vertex 148.322 79.8776 2.2
    endloop
  endfacet
  facet normal -0.594843 -0.803842 -0
    outer loop
      vertex 148.567 79.6963 2.2
      vertex 148.322 79.8776 0
      vertex 148.567 79.6963 0
    endloop
  endfacet
  facet normal 0.514012 0.857783 -0
    outer loop
      vertex 145.139 74.566 0
      vertex 144.878 74.7224 1.5
      vertex 145.139 74.566 1.5
    endloop
  endfacet
  facet normal 0.514012 0.857783 0
    outer loop
      vertex 144.878 74.7224 1.5
      vertex 145.139 74.566 0
      vertex 144.878 74.7224 0
    endloop
  endfacet
  facet normal -0.514012 -0.857783 0
    outer loop
      vertex 148.061 80.034 0
      vertex 148.322 79.8776 2.2
      vertex 148.061 80.034 2.2
    endloop
  endfacet
  facet normal -0.514012 -0.857783 -0
    outer loop
      vertex 148.322 79.8776 2.2
      vertex 148.061 80.034 0
      vertex 148.322 79.8776 0
    endloop
  endfacet
  facet normal -0.146894 0.989152 0
    outer loop
      vertex 147.205 74.2596 0
      vertex 146.904 74.2149 1.5
      vertex 147.205 74.2596 1.5
    endloop
  endfacet
  facet normal -0.146894 0.989152 0
    outer loop
      vertex 146.904 74.2149 1.5
      vertex 147.205 74.2596 0
      vertex 146.904 74.2149 0
    endloop
  endfacet
  facet normal -0.940996 -0.338417 0
    outer loop
      vertex 149.567 78.1999 0
      vertex 149.464 78.4863 1.5
      vertex 149.464 78.4863 0
    endloop
  endfacet
  facet normal -0.940996 -0.338417 0
    outer loop
      vertex 149.464 78.4863 1.5
      vertex 149.567 78.1999 0
      vertex 149.567 78.1999 1.5
    endloop
  endfacet
  facet normal -0.858362 0.513044 0
    outer loop
      vertex 149.178 75.5777 0
      vertex 149.334 75.8387 1.5
      vertex 149.334 75.8387 0
    endloop
  endfacet
  facet normal -0.858362 0.513044 0
    outer loop
      vertex 149.334 75.8387 1.5
      vertex 149.178 75.5777 0
      vertex 149.178 75.5777 1.5
    endloop
  endfacet
  facet normal 0.998784 0.0492983 0
    outer loop
      vertex 143.515 76.9961 1.5
      vertex 143.5 77.3 0
      vertex 143.5 77.3 1.5
    endloop
  endfacet
  facet normal 0.998784 0.0492983 0
    outer loop
      vertex 143.5 77.3 0
      vertex 143.515 76.9961 1.5
      vertex 143.515 76.9961 0
    endloop
  endfacet
  facet normal -0.940996 0.338417 0
    outer loop
      vertex 149.464 76.1137 0
      vertex 149.567 76.4001 1.5
      vertex 149.567 76.4001 0
    endloop
  endfacet
  facet normal -0.940996 0.338417 0
    outer loop
      vertex 149.567 76.4001 1.5
      vertex 149.464 76.1137 0
      vertex 149.464 76.1137 1.5
    endloop
  endfacet
  facet normal -0.741427 -0.671034 0
    outer loop
      vertex 148.996 79.2666 0
      vertex 148.792 79.492 2.2
      vertex 148.792 79.492 0
    endloop
  endfacet
  facet normal -0.741427 -0.671034 0
    outer loop
      vertex 148.792 79.492 2.2
      vertex 148.996 79.2666 0
      vertex 148.996 79.2666 2.2
    endloop
  endfacet
  facet normal -0.0489544 -0.998801 0
    outer loop
      vertex 146.6 80.4 0
      vertex 146.904 80.3851 2.2
      vertex 146.6 80.4 2.2
    endloop
  endfacet
  facet normal -0.0489544 -0.998801 -0
    outer loop
      vertex 146.904 80.3851 2.2
      vertex 146.6 80.4 0
      vertex 146.904 80.3851 0
    endloop
  endfacet
  facet normal -0.904072 -0.42738 0
    outer loop
      vertex 149.464 78.4863 0
      vertex 149.334 78.7613 1.5
      vertex 149.334 78.7613 0
    endloop
  endfacet
  facet normal -0.904072 -0.42738 0
    outer loop
      vertex 149.334 78.7613 1.5
      vertex 149.464 78.4863 0
      vertex 149.464 78.4863 1.5
    endloop
  endfacet
  facet normal 0.146894 0.989152 -0
    outer loop
      vertex 146.296 74.2149 0
      vertex 145.995 74.2596 1.5
      vertex 146.296 74.2149 1.5
    endloop
  endfacet
  facet normal 0.146894 0.989152 0
    outer loop
      vertex 145.995 74.2596 1.5
      vertex 146.296 74.2149 0
      vertex 145.995 74.2596 0
    endloop
  endfacet
  facet normal -0.67223 0.740342 0
    outer loop
      vertex 148.792 75.108 0
      vertex 148.567 74.9037 1.5
      vertex 148.792 75.108 1.5
    endloop
  endfacet
  facet normal -0.67223 0.740342 0
    outer loop
      vertex 148.567 74.9037 1.5
      vertex 148.792 75.108 0
      vertex 148.567 74.9037 0
    endloop
  endfacet
  facet normal -0.858362 -0.513044 0
    outer loop
      vertex 149.334 78.7613 0
      vertex 149.178 79.0223 1.5
      vertex 149.178 79.0223 0
    endloop
  endfacet
  facet normal -0.858362 -0.513044 0
    outer loop
      vertex 149.178 79.0223 1.5
      vertex 149.334 78.7613 0
      vertex 149.334 78.7613 1.5
    endloop
  endfacet
  facet normal 0.0489544 0.998801 -0
    outer loop
      vertex 146.6 74.2 0
      vertex 146.296 74.2149 1.5
      vertex 146.6 74.2 1.5
    endloop
  endfacet
  facet normal 0.0489544 0.998801 0
    outer loop
      vertex 146.296 74.2149 1.5
      vertex 146.6 74.2 0
      vertex 146.296 74.2149 0
    endloop
  endfacet
  facet normal 0.741427 -0.671034 0
    outer loop
      vertex 144.204 79.2666 2.2
      vertex 144.408 79.492 0
      vertex 144.408 79.492 2.2
    endloop
  endfacet
  facet normal 0.741427 -0.671034 0
    outer loop
      vertex 144.408 79.492 0
      vertex 144.204 79.2666 2.2
      vertex 144.204 79.2666 0
    endloop
  endfacet
  facet normal 0.146894 -0.989152 0
    outer loop
      vertex 145.995 80.3404 0
      vertex 146.296 80.3851 2.2
      vertex 145.995 80.3404 2.2
    endloop
  endfacet
  facet normal 0.146894 -0.989152 0
    outer loop
      vertex 146.296 80.3851 2.2
      vertex 145.995 80.3404 0
      vertex 146.296 80.3851 0
    endloop
  endfacet
  facet normal 0.904072 -0.42738 0
    outer loop
      vertex 143.736 78.4863 1.5
      vertex 143.866 78.7613 0
      vertex 143.866 78.7613 1.5
    endloop
  endfacet
  facet normal 0.904072 -0.42738 0
    outer loop
      vertex 143.866 78.7613 0
      vertex 143.736 78.4863 1.5
      vertex 143.736 78.4863 0
    endloop
  endfacet
  facet normal 0.67223 0.740342 -0
    outer loop
      vertex 144.633 74.9037 0
      vertex 144.408 75.108 1.5
      vertex 144.633 74.9037 1.5
    endloop
  endfacet
  facet normal 0.67223 0.740342 0
    outer loop
      vertex 144.408 75.108 1.5
      vertex 144.633 74.9037 0
      vertex 144.408 75.108 0
    endloop
  endfacet
  facet normal 0.970739 -0.240135 0
    outer loop
      vertex 143.56 77.9048 1.5
      vertex 143.633 78.1999 0
      vertex 143.633 78.1999 1.5
    endloop
  endfacet
  facet normal 0.970739 -0.240135 0
    outer loop
      vertex 143.633 78.1999 0
      vertex 143.56 77.9048 1.5
      vertex 143.56 77.9048 0
    endloop
  endfacet
  facet normal -0.243 -0.970026 0
    outer loop
      vertex 147.205 80.3404 0
      vertex 147.5 80.2665 2.2
      vertex 147.205 80.3404 2.2
    endloop
  endfacet
  facet normal -0.243 -0.970026 -0
    outer loop
      vertex 147.5 80.2665 2.2
      vertex 147.205 80.3404 0
      vertex 147.5 80.2665 0
    endloop
  endfacet
  facet normal 0.970739 0.240135 0
    outer loop
      vertex 143.633 76.4001 1.5
      vertex 143.56 76.6952 0
      vertex 143.56 76.6952 1.5
    endloop
  endfacet
  facet normal 0.970739 0.240135 0
    outer loop
      vertex 143.56 76.6952 0
      vertex 143.633 76.4001 1.5
      vertex 143.633 76.4001 0
    endloop
  endfacet
  facet normal 0.42738 0.904072 -0
    outer loop
      vertex 145.414 74.436 0
      vertex 145.139 74.566 1.5
      vertex 145.414 74.436 1.5
    endloop
  endfacet
  facet normal 0.42738 0.904072 0
    outer loop
      vertex 145.139 74.566 1.5
      vertex 145.414 74.436 0
      vertex 145.139 74.566 0
    endloop
  endfacet
  facet normal 0.741427 0.671034 0
    outer loop
      vertex 144.408 75.108 1.5
      vertex 144.204 75.3334 0
      vertex 144.204 75.3334 1.5
    endloop
  endfacet
  facet normal 0.741427 0.671034 0
    outer loop
      vertex 144.204 75.3334 0
      vertex 144.408 75.108 1.5
      vertex 144.408 75.108 0
    endloop
  endfacet
  facet normal -0.42738 0.904072 0
    outer loop
      vertex 148.061 74.566 0
      vertex 147.786 74.436 1.5
      vertex 148.061 74.566 1.5
    endloop
  endfacet
  facet normal -0.42738 0.904072 0
    outer loop
      vertex 147.786 74.436 1.5
      vertex 148.061 74.566 0
      vertex 147.786 74.436 0
    endloop
  endfacet
  facet normal -0.0489544 0.998801 0
    outer loop
      vertex 146.904 74.2149 0
      vertex 146.6 74.2 1.5
      vertex 146.904 74.2149 1.5
    endloop
  endfacet
  facet normal -0.0489544 0.998801 0
    outer loop
      vertex 146.6 74.2 1.5
      vertex 146.904 74.2149 0
      vertex 146.6 74.2 0
    endloop
  endfacet
  facet normal 0.989001 0.147906 0
    outer loop
      vertex 143.56 76.6952 1.5
      vertex 143.515 76.9961 0
      vertex 143.515 76.9961 1.5
    endloop
  endfacet
  facet normal 0.989001 0.147906 0
    outer loop
      vertex 143.515 76.9961 0
      vertex 143.56 76.6952 1.5
      vertex 143.56 76.6952 0
    endloop
  endfacet
  facet normal -0.594843 0.803842 0
    outer loop
      vertex 148.567 74.9037 0
      vertex 148.322 74.7224 1.5
      vertex 148.567 74.9037 1.5
    endloop
  endfacet
  facet normal -0.594843 0.803842 0
    outer loop
      vertex 148.322 74.7224 1.5
      vertex 148.567 74.9037 0
      vertex 148.322 74.7224 0
    endloop
  endfacet
  facet normal 0.801926 0.597423 0
    outer loop
      vertex 144.204 75.3334 1.5
      vertex 144.022 75.5777 0
      vertex 144.022 75.5777 1.5
    endloop
  endfacet
  facet normal 0.801926 0.597423 0
    outer loop
      vertex 144.022 75.5777 0
      vertex 144.204 75.3334 1.5
      vertex 144.204 75.3334 0
    endloop
  endfacet
  facet normal 0.998784 -0.0492983 0
    outer loop
      vertex 143.5 77.3 1.5
      vertex 143.515 77.6039 0
      vertex 143.515 77.6039 1.5
    endloop
  endfacet
  facet normal 0.998784 -0.0492983 0
    outer loop
      vertex 143.515 77.6039 0
      vertex 143.5 77.3 1.5
      vertex 143.5 77.3 0
    endloop
  endfacet
  facet normal -0.741427 0.671034 0
    outer loop
      vertex 148.792 75.108 0
      vertex 148.996 75.3334 1.5
      vertex 148.996 75.3334 0
    endloop
  endfacet
  facet normal -0.741427 0.671034 0
    outer loop
      vertex 148.996 75.3334 1.5
      vertex 148.792 75.108 0
      vertex 148.792 75.108 1.5
    endloop
  endfacet
  facet normal 0 0 1
    outer loop
      vertex 143.515 77.6039 1.5
      vertex 13.1 77.3 1.5
      vertex 143.5 77.3 1.5
    endloop
  endfacet
  facet normal 0 0 1
    outer loop
      vertex 13.0851 77.6039 1.5
      vertex 143.515 77.6039 1.5
      vertex 143.56 77.9048 1.5
    endloop
  endfacet
  facet normal 0 0 1
    outer loop
      vertex 13.0404 77.9048 1.5
      vertex 143.56 77.9048 1.5
      vertex 143.633 78.1999 1.5
    endloop
  endfacet
  facet normal 0 0 1
    outer loop
      vertex 12.9665 78.1999 1.5
      vertex 143.633 78.1999 1.5
      vertex 143.736 78.4863 1.5
    endloop
  endfacet
  facet normal 0 0 1
    outer loop
      vertex 12.864 78.4863 1.5
      vertex 143.736 78.4863 1.5
      vertex 143.866 78.7613 1.5
    endloop
  endfacet
  facet normal 0 0 1
    outer loop
      vertex 12.734 78.7613 1.5
      vertex 143.866 78.7613 1.5
      vertex 144.022 79.0223 1.5
    endloop
  endfacet
  facet normal 0 0 1
    outer loop
      vertex 12.5776 79.0223 1.5
      vertex 144.022 79.0223 1.5
      vertex 144.08 79.1 1.5
    endloop
  endfacet
  facet normal 0 0 1
    outer loop
      vertex 143.515 77.6039 1.5
      vertex 13.0851 77.6039 1.5
      vertex 13.1 77.3 1.5
    endloop
  endfacet
  facet normal 0 0 1
    outer loop
      vertex 143.56 77.9048 1.5
      vertex 13.0404 77.9048 1.5
      vertex 13.0851 77.6039 1.5
    endloop
  endfacet
  facet normal 0 0 1
    outer loop
      vertex 143.633 78.1999 1.5
      vertex 12.9665 78.1999 1.5
      vertex 13.0404 77.9048 1.5
    endloop
  endfacet
  facet normal 0 0 1
    outer loop
      vertex 143.736 78.4863 1.5
      vertex 12.864 78.4863 1.5
      vertex 12.9665 78.1999 1.5
    endloop
  endfacet
  facet normal 0 0 1
    outer loop
      vertex 143.866 78.7613 1.5
      vertex 12.734 78.7613 1.5
      vertex 12.864 78.4863 1.5
    endloop
  endfacet
  facet normal 0 0 1
    outer loop
      vertex 144.022 79.0223 1.5
      vertex 12.5776 79.0223 1.5
      vertex 12.734 78.7613 1.5
    endloop
  endfacet
  facet normal 0 -0 1
    outer loop
      vertex 12.5776 79.0223 1.5
      vertex 144.08 79.1 1.5
      vertex 12.5199 79.1 1.5
    endloop
  endfacet
  facet normal 0 0 1
    outer loop
      vertex 149.685 76.9961 1.5
      vertex 154.35 79.1 1.5
      vertex 149.7 77.3 1.5
    endloop
  endfacet
  facet normal 0 0 1
    outer loop
      vertex 154.35 79.1 1.5
      vertex 149.685 77.6039 1.5
      vertex 149.7 77.3 1.5
    endloop
  endfacet
  facet normal 0 0 1
    outer loop
      vertex 154.35 79.1 1.5
      vertex 149.64 77.9048 1.5
      vertex 149.685 77.6039 1.5
    endloop
  endfacet
  facet normal 0 0 1
    outer loop
      vertex 154.35 79.1 1.5
      vertex 149.567 78.1999 1.5
      vertex 149.64 77.9048 1.5
    endloop
  endfacet
  facet normal 0 0 1
    outer loop
      vertex 154.35 79.1 1.5
      vertex 149.464 78.4863 1.5
      vertex 149.567 78.1999 1.5
    endloop
  endfacet
  facet normal 0 0 1
    outer loop
      vertex 154.35 79.1 1.5
      vertex 149.334 78.7613 1.5
      vertex 149.464 78.4863 1.5
    endloop
  endfacet
  facet normal 0 0 1
    outer loop
      vertex 154.35 79.1 1.5
      vertex 149.178 79.0223 1.5
      vertex 149.334 78.7613 1.5
    endloop
  endfacet
  facet normal 0 -0 1
    outer loop
      vertex 149.178 79.0223 1.5
      vertex 154.35 79.1 1.5
      vertex 149.12 79.1 1.5
    endloop
  endfacet
  facet normal 0 0 1
    outer loop
      vertex 149.64 76.6952 1.5
      vertex 154.35 79.1 1.5
      vertex 149.685 76.9961 1.5
    endloop
  endfacet
  facet normal 0 0 1
    outer loop
      vertex 149.567 76.4001 1.5
      vertex 154.35 79.1 1.5
      vertex 149.64 76.6952 1.5
    endloop
  endfacet
  facet normal 0 0 1
    outer loop
      vertex 149.464 76.1137 1.5
      vertex 154.35 79.1 1.5
      vertex 149.567 76.4001 1.5
    endloop
  endfacet
  facet normal 0 0 1
    outer loop
      vertex 149.334 75.8387 1.5
      vertex 154.35 79.1 1.5
      vertex 149.464 76.1137 1.5
    endloop
  endfacet
  facet normal 0 0 1
    outer loop
      vertex 149.178 75.5777 1.5
      vertex 154.35 79.1 1.5
      vertex 149.334 75.8387 1.5
    endloop
  endfacet
  facet normal 0 0 1
    outer loop
      vertex 148.996 75.3334 1.5
      vertex 154.35 79.1 1.5
      vertex 149.178 75.5777 1.5
    endloop
  endfacet
  facet normal 0 0 1
    outer loop
      vertex 148.792 75.108 1.5
      vertex 154.35 79.1 1.5
      vertex 148.996 75.3334 1.5
    endloop
  endfacet
  facet normal 0 0 1
    outer loop
      vertex 148.567 74.9037 1.5
      vertex 154.35 79.1 1.5
      vertex 148.792 75.108 1.5
    endloop
  endfacet
  facet normal 0 0 1
    outer loop
      vertex 154.35 79.1 1.5
      vertex 148.567 74.9037 1.5
      vertex 154.35 2.2 1.5
    endloop
  endfacet
  facet normal -0 0 1
    outer loop
      vertex 148.322 74.7224 1.5
      vertex 154.35 2.2 1.5
      vertex 148.567 74.9037 1.5
    endloop
  endfacet
  facet normal -0 0 1
    outer loop
      vertex 148.061 74.566 1.5
      vertex 154.35 2.2 1.5
      vertex 148.322 74.7224 1.5
    endloop
  endfacet
  facet normal -0 0 1
    outer loop
      vertex 147.786 74.436 1.5
      vertex 154.35 2.2 1.5
      vertex 148.061 74.566 1.5
    endloop
  endfacet
  facet normal -0 0 1
    outer loop
      vertex 147.5 74.3335 1.5
      vertex 154.35 2.2 1.5
      vertex 147.786 74.436 1.5
    endloop
  endfacet
  facet normal -0 0 1
    outer loop
      vertex 147.205 74.2596 1.5
      vertex 154.35 2.2 1.5
      vertex 147.5 74.3335 1.5
    endloop
  endfacet
  facet normal -0 0 1
    outer loop
      vertex 146.904 74.2149 1.5
      vertex 154.35 2.2 1.5
      vertex 147.205 74.2596 1.5
    endloop
  endfacet
  facet normal -0 0 1
    outer loop
      vertex 146.6 74.2 1.5
      vertex 154.35 2.2 1.5
      vertex 146.904 74.2149 1.5
    endloop
  endfacet
  facet normal 0 0 1
    outer loop
      vertex 146.296 74.2149 1.5
      vertex 154.35 2.2 1.5
      vertex 146.6 74.2 1.5
    endloop
  endfacet
  facet normal 0 0 1
    outer loop
      vertex 145.995 74.2596 1.5
      vertex 154.35 2.2 1.5
      vertex 146.296 74.2149 1.5
    endloop
  endfacet
  facet normal 0 0 1
    outer loop
      vertex 145.7 74.3335 1.5
      vertex 154.35 2.2 1.5
      vertex 145.995 74.2596 1.5
    endloop
  endfacet
  facet normal 0 0 1
    outer loop
      vertex 145.414 74.436 1.5
      vertex 154.35 2.2 1.5
      vertex 145.7 74.3335 1.5
    endloop
  endfacet
  facet normal 0 0 1
    outer loop
      vertex 145.139 74.566 1.5
      vertex 154.35 2.2 1.5
      vertex 145.414 74.436 1.5
    endloop
  endfacet
  facet normal 0 0 1
    outer loop
      vertex 144.878 74.7224 1.5
      vertex 154.35 2.2 1.5
      vertex 145.139 74.566 1.5
    endloop
  endfacet
  facet normal 0 0 1
    outer loop
      vertex 144.633 74.9037 1.5
      vertex 154.35 2.2 1.5
      vertex 144.878 74.7224 1.5
    endloop
  endfacet
  facet normal 0 0 1
    outer loop
      vertex 144.408 75.108 1.5
      vertex 154.35 2.2 1.5
      vertex 144.633 74.9037 1.5
    endloop
  endfacet
  facet normal 0 0 1
    outer loop
      vertex 144.204 75.3334 1.5
      vertex 154.35 2.2 1.5
      vertex 144.408 75.108 1.5
    endloop
  endfacet
  facet normal 0 0 1
    outer loop
      vertex 144.022 75.5777 1.5
      vertex 154.35 2.2 1.5
      vertex 144.204 75.3334 1.5
    endloop
  endfacet
  facet normal 0 0 1
    outer loop
      vertex 2.925 44.65 1.5
      vertex 144.022 75.5777 1.5
      vertex 143.866 75.8387 1.5
    endloop
  endfacet
  facet normal 0 0 1
    outer loop
      vertex 12.734 75.8387 1.5
      vertex 143.866 75.8387 1.5
      vertex 143.736 76.1137 1.5
    endloop
  endfacet
  facet normal 0 0 1
    outer loop
      vertex 12.864 76.1137 1.5
      vertex 143.736 76.1137 1.5
      vertex 143.633 76.4001 1.5
    endloop
  endfacet
  facet normal 0 0 1
    outer loop
      vertex 12.9665 76.4001 1.5
      vertex 143.633 76.4001 1.5
      vertex 143.56 76.6952 1.5
    endloop
  endfacet
  facet normal 0 0 1
    outer loop
      vertex 13.0404 76.6952 1.5
      vertex 143.56 76.6952 1.5
      vertex 143.515 76.9961 1.5
    endloop
  endfacet
  facet normal -0 0 1
    outer loop
      vertex 13.1 77.3 1.5
      vertex 143.515 76.9961 1.5
      vertex 143.5 77.3 1.5
    endloop
  endfacet
  facet normal 0 0 1
    outer loop
      vertex 13.0851 76.9961 1.5
      vertex 143.515 76.9961 1.5
      vertex 13.1 77.3 1.5
    endloop
  endfacet
  facet normal 0 0 1
    outer loop
      vertex 13.0404 76.6952 1.5
      vertex 143.515 76.9961 1.5
      vertex 13.0851 76.9961 1.5
    endloop
  endfacet
  facet normal 0 0 1
    outer loop
      vertex 143.56 76.6952 1.5
      vertex 13.0404 76.6952 1.5
      vertex 12.9665 76.4001 1.5
    endloop
  endfacet
  facet normal 0 0 1
    outer loop
      vertex 143.633 76.4001 1.5
      vertex 12.9665 76.4001 1.5
      vertex 12.864 76.1137 1.5
    endloop
  endfacet
  facet normal 0 0 1
    outer loop
      vertex 143.736 76.1137 1.5
      vertex 12.864 76.1137 1.5
      vertex 12.734 75.8387 1.5
    endloop
  endfacet
  facet normal 0 0 1
    outer loop
      vertex 143.866 75.8387 1.5
      vertex 12.734 75.8387 1.5
      vertex 2.925 44.65 1.5
    endloop
  endfacet
  facet normal 0 0 1
    outer loop
      vertex 2.925 44.65 1.5
      vertex 12.734 75.8387 1.5
      vertex 12.5776 75.5777 1.5
    endloop
  endfacet
  facet normal 0 0 1
    outer loop
      vertex 2.925 44.65 1.5
      vertex 12.5776 75.5777 1.5
      vertex 12.3963 75.3334 1.5
    endloop
  endfacet
  facet normal 0 0 1
    outer loop
      vertex 2.925 44.65 1.5
      vertex 12.3963 75.3334 1.5
      vertex 12.192 75.108 1.5
    endloop
  endfacet
  facet normal 0 0 1
    outer loop
      vertex 2.925 44.65 1.5
      vertex 12.192 75.108 1.5
      vertex 11.9666 74.9037 1.5
    endloop
  endfacet
  facet normal 0 0 1
    outer loop
      vertex 2.925 44.65 1.5
      vertex 11.9666 74.9037 1.5
      vertex 11.7223 74.7224 1.5
    endloop
  endfacet
  facet normal 0 0 1
    outer loop
      vertex 2.925 44.65 1.5
      vertex 11.7223 74.7224 1.5
      vertex 11.4613 74.566 1.5
    endloop
  endfacet
  facet normal 0 0 1
    outer loop
      vertex 2.925 44.65 1.5
      vertex 11.4613 74.566 1.5
      vertex 11.1863 74.436 1.5
    endloop
  endfacet
  facet normal 0 0 1
    outer loop
      vertex 2.925 44.65 1.5
      vertex 11.1863 74.436 1.5
      vertex 10.8999 74.3335 1.5
    endloop
  endfacet
  facet normal 0 0 1
    outer loop
      vertex 2.925 44.65 1.5
      vertex 10.8999 74.3335 1.5
      vertex 10.6048 74.2596 1.5
    endloop
  endfacet
  facet normal 0 0 1
    outer loop
      vertex 2.925 44.65 1.5
      vertex 10.6048 74.2596 1.5
      vertex 10.3039 74.2149 1.5
    endloop
  endfacet
  facet normal 0 0 1
    outer loop
      vertex 2.925 44.65 1.5
      vertex 10.3039 74.2149 1.5
      vertex 10 74.2 1.5
    endloop
  endfacet
  facet normal 0 0 1
    outer loop
      vertex 2.925 44.65 1.5
      vertex 10 74.2 1.5
      vertex 9.69615 74.2149 1.5
    endloop
  endfacet
  facet normal 0 0 1
    outer loop
      vertex 2.925 44.65 1.5
      vertex 9.69615 74.2149 1.5
      vertex 9.39522 74.2596 1.5
    endloop
  endfacet
  facet normal 0 0 1
    outer loop
      vertex 2.925 44.65 1.5
      vertex 9.39522 74.2596 1.5
      vertex 9.10012 74.3335 1.5
    endloop
  endfacet
  facet normal 0 0 1
    outer loop
      vertex 2.925 44.65 1.5
      vertex 9.10012 74.3335 1.5
      vertex 8.81368 74.436 1.5
    endloop
  endfacet
  facet normal 0 0 1
    outer loop
      vertex 2.25 44.65 1.5
      vertex 8.81368 74.436 1.5
      vertex 8.53867 74.566 1.5
    endloop
  endfacet
  facet normal 0 0 1
    outer loop
      vertex 2.25 79.1 1.5
      vertex 6.91493 76.9961 1.5
      vertex 6.9 77.3 1.5
    endloop
  endfacet
  facet normal 0 0 1
    outer loop
      vertex 2.25 44.65 1.5
      vertex 6.95957 76.6952 1.5
      vertex 6.91493 76.9961 1.5
    endloop
  endfacet
  facet normal 0 0 1
    outer loop
      vertex 2.25 44.65 1.5
      vertex 7.03348 76.4001 1.5
      vertex 6.95957 76.6952 1.5
    endloop
  endfacet
  facet normal 0 0 1
    outer loop
      vertex 2.25 44.65 1.5
      vertex 7.13597 76.1137 1.5
      vertex 7.03348 76.4001 1.5
    endloop
  endfacet
  facet normal 0 0 1
    outer loop
      vertex 2.25 44.65 1.5
      vertex 7.26604 75.8387 1.5
      vertex 7.13597 76.1137 1.5
    endloop
  endfacet
  facet normal 0 0 1
    outer loop
      vertex 2.25 44.65 1.5
      vertex 7.42244 75.5777 1.5
      vertex 7.26604 75.8387 1.5
    endloop
  endfacet
  facet normal 0 0 1
    outer loop
      vertex 2.25 44.65 1.5
      vertex 7.60367 75.3334 1.5
      vertex 7.42244 75.5777 1.5
    endloop
  endfacet
  facet normal 0 0 1
    outer loop
      vertex 2.25 44.65 1.5
      vertex 7.80797 75.108 1.5
      vertex 7.60367 75.3334 1.5
    endloop
  endfacet
  facet normal 0 0 1
    outer loop
      vertex 2.25 44.65 1.5
      vertex 8.03338 74.9037 1.5
      vertex 7.80797 75.108 1.5
    endloop
  endfacet
  facet normal 0 0 1
    outer loop
      vertex 2.25 44.65 1.5
      vertex 8.27773 74.7224 1.5
      vertex 8.03338 74.9037 1.5
    endloop
  endfacet
  facet normal 0 0 1
    outer loop
      vertex 2.25 44.65 1.5
      vertex 8.53867 74.566 1.5
      vertex 8.27773 74.7224 1.5
    endloop
  endfacet
  facet normal 0 0 1
    outer loop
      vertex 144.022 75.5777 1.5
      vertex 2.925 44.65 1.5
      vertex 154.35 2.2 1.5
    endloop
  endfacet
  facet normal 0 0 1
    outer loop
      vertex 154.35 2.2 1.5
      vertex 2.925 44.65 1.5
      vertex 2.925 2.2 1.5
    endloop
  endfacet
  facet normal 0 0 1
    outer loop
      vertex 2.25 79.1 1.5
      vertex 6.9 77.3 1.5
      vertex 6.91493 77.6039 1.5
    endloop
  endfacet
  facet normal -0 0 1
    outer loop
      vertex 2.25 79.1 1.5
      vertex 7.42244 79.0223 1.5
      vertex 7.48009 79.1 1.5
    endloop
  endfacet
  facet normal 0 0 1
    outer loop
      vertex 2.25 79.1 1.5
      vertex 7.26604 78.7613 1.5
      vertex 7.42244 79.0223 1.5
    endloop
  endfacet
  facet normal 0 0 1
    outer loop
      vertex 2.25 79.1 1.5
      vertex 7.13597 78.4863 1.5
      vertex 7.26604 78.7613 1.5
    endloop
  endfacet
  facet normal 0 0 1
    outer loop
      vertex 2.25 79.1 1.5
      vertex 7.03348 78.1999 1.5
      vertex 7.13597 78.4863 1.5
    endloop
  endfacet
  facet normal 0 0 1
    outer loop
      vertex 2.25 79.1 1.5
      vertex 6.95957 77.9048 1.5
      vertex 7.03348 78.1999 1.5
    endloop
  endfacet
  facet normal 0 0 1
    outer loop
      vertex 2.25 79.1 1.5
      vertex 6.91493 77.6039 1.5
      vertex 6.95957 77.9048 1.5
    endloop
  endfacet
  facet normal 0 0 1
    outer loop
      vertex 6.91493 76.9961 1.5
      vertex 2.25 79.1 1.5
      vertex 2.25 44.65 1.5
    endloop
  endfacet
  facet normal 0 0 1
    outer loop
      vertex 8.81368 74.436 1.5
      vertex 2.25 44.65 1.5
      vertex 2.925 44.65 1.5
    endloop
  endfacet
  facet normal -1 0 0
    outer loop
      vertex 154.35 2.2 1.5
      vertex 154.35 79.1 10.6
      vertex 154.35 79.1 1.5
    endloop
  endfacet
  facet normal -1 -0 0
    outer loop
      vertex 154.35 79.1 10.6
      vertex 154.35 2.2 1.5
      vertex 154.35 2.2 10.6
    endloop
  endfacet
  facet normal 1 -0 0
    outer loop
      vertex 2.25 44.65 10.6
      vertex 2.25 79.1 1.5
      vertex 2.25 79.1 10.6
    endloop
  endfacet
  facet normal 1 0 0
    outer loop
      vertex 2.25 79.1 1.5
      vertex 2.25 44.65 10.6
      vertex 2.25 44.65 1.5
    endloop
  endfacet
  facet normal 0 -1 0
    outer loop
      vertex 12.5199 79.1 1.5
      vertex 144.08 79.1 2.2
      vertex 12.5199 79.1 2.2
    endloop
  endfacet
  facet normal 0 -1 -0
    outer loop
      vertex 144.08 79.1 2.2
      vertex 12.5199 79.1 1.5
      vertex 144.08 79.1 1.5
    endloop
  endfacet
  facet normal 0 -1 0
    outer loop
      vertex 12.5199 79.1 2.2
      vertex 2.25 79.1 10.6
      vertex 7.48009 79.1 2.2
    endloop
  endfacet
  facet normal 0 -1 0
    outer loop
      vertex 2.25 79.1 1.5
      vertex 7.48009 79.1 2.2
      vertex 2.25 79.1 10.6
    endloop
  endfacet
  facet normal 0 -1 -0
    outer loop
      vertex 7.48009 79.1 2.2
      vertex 2.25 79.1 1.5
      vertex 7.48009 79.1 1.5
    endloop
  endfacet
  facet normal 0 -1 0
    outer loop
      vertex 2.25 79.1 10.6
      vertex 12.5199 79.1 2.2
      vertex 154.35 79.1 10.6
    endloop
  endfacet
  facet normal 0 -1 0
    outer loop
      vertex 144.08 79.1 2.2
      vertex 154.35 79.1 10.6
      vertex 12.5199 79.1 2.2
    endloop
  endfacet
  facet normal 0 -1 0
    outer loop
      vertex 149.12 79.1 2.2
      vertex 154.35 79.1 10.6
      vertex 144.08 79.1 2.2
    endloop
  endfacet
  facet normal 0 -1 0
    outer loop
      vertex 154.35 79.1 1.5
      vertex 149.12 79.1 2.2
      vertex 149.12 79.1 1.5
    endloop
  endfacet
  facet normal 0 -1 0
    outer loop
      vertex 149.12 79.1 2.2
      vertex 154.35 79.1 1.5
      vertex 154.35 79.1 10.6
    endloop
  endfacet
  facet normal 0 1 -0
    outer loop
      vertex 154.35 2.2 1.5
      vertex 2.925 2.2 10.6
      vertex 154.35 2.2 10.6
    endloop
  endfacet
  facet normal 0 1 0
    outer loop
      vertex 2.925 2.2 10.6
      vertex 154.35 2.2 1.5
      vertex 2.925 2.2 1.5
    endloop
  endfacet
  facet normal -1 0 0
    outer loop
      vertex 145.75 10.8 0
      vertex 145.75 42.8 0.75
      vertex 145.75 42.8 0
    endloop
  endfacet
  facet normal -1 -0 0
    outer loop
      vertex 145.75 42.8 0.75
      vertex 145.75 10.8 0
      vertex 145.75 10.8 0.75
    endloop
  endfacet
  facet normal 0 0 -1
    outer loop
      vertex 113.75 10.8 0.75
      vertex 145.75 42.8 0.75
      vertex 145.75 10.8 0.75
    endloop
  endfacet
  facet normal -0 0 -1
    outer loop
      vertex 145.75 42.8 0.75
      vertex 113.75 10.8 0.75
      vertex 113.75 42.8 0.75
    endloop
  endfacet
  facet normal 1 -0 0
    outer loop
      vertex 113.75 10.8 0.75
      vertex 113.75 42.8 0
      vertex 113.75 42.8 0.75
    endloop
  endfacet
  facet normal 1 0 0
    outer loop
      vertex 113.75 42.8 0
      vertex 113.75 10.8 0.75
      vertex 113.75 10.8 0
    endloop
  endfacet
  facet normal 0 -1 0
    outer loop
      vertex 113.75 42.8 0
      vertex 145.75 42.8 0.75
      vertex 113.75 42.8 0.75
    endloop
  endfacet
  facet normal 0 -1 -0
    outer loop
      vertex 145.75 42.8 0.75
      vertex 113.75 42.8 0
      vertex 145.75 42.8 0
    endloop
  endfacet
  facet normal 0 1 -0
    outer loop
      vertex 145.75 10.8 0
      vertex 113.75 10.8 0.75
      vertex 145.75 10.8 0.75
    endloop
  endfacet
  facet normal 0 1 0
    outer loop
      vertex 113.75 10.8 0.75
      vertex 145.75 10.8 0
      vertex 113.75 10.8 0
    endloop
  endfacet
  facet normal -1 0 0
    outer loop
      vertex 87.64 79.3 1
      vertex 87.64 81.3 10.6
      vertex 87.64 81.3 1
    endloop
  endfacet
  facet normal -1 -0 0
    outer loop
      vertex 87.64 81.3 10.6
      vertex 87.64 79.3 1
      vertex 87.64 79.3 10.6
    endloop
  endfacet
  facet normal -0 0 1
    outer loop
      vertex 37.64 81.3 1
      vertex 87.64 79.3 1
      vertex 87.64 81.3 1
    endloop
  endfacet
  facet normal 0 0 1
    outer loop
      vertex 87.64 79.3 1
      vertex 37.64 81.3 1
      vertex 37.64 79.3 1
    endloop
  endfacet
  facet normal 1 -0 0
    outer loop
      vertex 37.64 79.3 10.6
      vertex 37.64 81.3 1
      vertex 37.64 81.3 10.6
    endloop
  endfacet
  facet normal 1 0 0
    outer loop
      vertex 37.64 81.3 1
      vertex 37.64 79.3 10.6
      vertex 37.64 79.3 1
    endloop
  endfacet
  facet normal 0 1 -0
    outer loop
      vertex 87.64 79.3 1
      vertex 37.64 79.3 10.6
      vertex 87.64 79.3 10.6
    endloop
  endfacet
  facet normal 0 1 0
    outer loop
      vertex 37.64 79.3 10.6
      vertex 87.64 79.3 1
      vertex 37.64 79.3 1
    endloop
  endfacet
  facet normal -1 0 0
    outer loop
      vertex 2.925 44.65 1
      vertex 2.925 2.2 1.5
      vertex 2.925 44.65 1.5
    endloop
  endfacet
  facet normal -1 0 0
    outer loop
      vertex 2.925 0 1
      vertex 2.925 2.2 1.5
      vertex 2.925 44.65 1
    endloop
  endfacet
  facet normal -1 0 0
    outer loop
      vertex 2.925 0 10.6
      vertex 2.925 2.2 1.5
      vertex 2.925 0 1
    endloop
  endfacet
  facet normal -1 0 0
    outer loop
      vertex 2.925 2.2 1.5
      vertex 2.925 0 10.6
      vertex 2.925 2.2 10.6
    endloop
  endfacet
  facet normal -0 0 1
    outer loop
      vertex 0 44.65 1
      vertex 2.925 0 1
      vertex 2.925 44.65 1
    endloop
  endfacet
  facet normal 0 0 1
    outer loop
      vertex 2.925 0 1
      vertex 0 44.65 1
      vertex 0 0 1
    endloop
  endfacet
  facet normal 0 -1 0
    outer loop
      vertex 0 44.65 10.6
      vertex 2.25 44.65 1.5
      vertex 2.25 44.65 10.6
    endloop
  endfacet
  facet normal 0 -1 0
    outer loop
      vertex 0 44.65 1
      vertex 2.25 44.65 1.5
      vertex 0 44.65 10.6
    endloop
  endfacet
  facet normal 0 -1 0
    outer loop
      vertex 2.925 44.65 1
      vertex 2.25 44.65 1.5
      vertex 0 44.65 1
    endloop
  endfacet
  facet normal 0 -1 0
    outer loop
      vertex 2.25 44.65 1.5
      vertex 2.925 44.65 1
      vertex 2.925 44.65 1.5
    endloop
  endfacet
  facet normal 1 0 0
    outer loop
      vertex 28 0 0
      vertex 28 2.33868 0.23034
      vertex 28 2.30484 0.458462
    endloop
  endfacet
  facet normal 1 0 0
    outer loop
      vertex 28 0 0
      vertex 28 2.30484 0.458462
      vertex 28 2.24881 0.682169
    endloop
  endfacet
  facet normal 1 0 0
    outer loop
      vertex 28 0 0
      vertex 28 2.24881 0.682169
      vertex 28 2.17112 0.899305
    endloop
  endfacet
  facet normal 1 0 0
    outer loop
      vertex 28 0 0
      vertex 28 2.17112 0.899305
      vertex 28 2.07251 1.10778
    endloop
  endfacet
  facet normal 1 0 0
    outer loop
      vertex 28 0 0
      vertex 28 2.07251 1.10778
      vertex 28 1.95395 1.30559
    endloop
  endfacet
  facet normal 1 0 0
    outer loop
      vertex 28 0 0
      vertex 28 1.95395 1.30559
      vertex 28 1.81657 1.49082
    endloop
  endfacet
  facet normal 1 0 0
    outer loop
      vertex 28 0 0
      vertex 28 1.81657 1.49082
      vertex 28 1.6617 1.6617
    endloop
  endfacet
  facet normal 1 0 0
    outer loop
      vertex 28 0 0
      vertex 28 1.6617 1.6617
      vertex 28 1.49082 1.81657
    endloop
  endfacet
  facet normal 1 0 0
    outer loop
      vertex 28 0 0
      vertex 28 1.49082 1.81657
      vertex 28 1.30559 1.95395
    endloop
  endfacet
  facet normal 1 0 0
    outer loop
      vertex 28 0 0
      vertex 28 1.30559 1.95395
      vertex 28 1.10778 2.07251
    endloop
  endfacet
  facet normal 1 0 0
    outer loop
      vertex 28 0 0
      vertex 28 1.10778 2.07251
      vertex 28 0.899305 2.17112
    endloop
  endfacet
  facet normal 1 0 0
    outer loop
      vertex 28 0 0
      vertex 28 0.899305 2.17112
      vertex 28 0.682169 2.24881
    endloop
  endfacet
  facet normal 1 0 0
    outer loop
      vertex 28 0 0
      vertex 28 0.682169 2.24881
      vertex 28 0.458462 2.30484
    endloop
  endfacet
  facet normal 1 0 0
    outer loop
      vertex 28 0 0
      vertex 28 0.458462 2.30484
      vertex 28 0.23034 2.33868
    endloop
  endfacet
  facet normal 1 0 0
    outer loop
      vertex 28 0 0
      vertex 28 0.23034 2.33868
      vertex 28 0 2.35
    endloop
  endfacet
  facet normal 1 0 0
    outer loop
      vertex 28 2.33868 0.23034
      vertex 28 0 0
      vertex 28 2.35 0
    endloop
  endfacet
  facet normal 0 -0.989176 -0.146736
    outer loop
      vertex 28 2.33868 0.23034
      vertex 52 2.30484 0.458462
      vertex 28 2.30484 0.458462
    endloop
  endfacet
  facet normal 0 -0.989176 -0.146736
    outer loop
      vertex 52 2.30484 0.458462
      vertex 28 2.33868 0.23034
      vertex 52 2.33868 0.23034
    endloop
  endfacet
  facet normal 0 -0.242957 0.970037
    outer loop
      vertex 30 0.682169 -2.24881
      vertex 50 0.458462 -2.30484
      vertex 50 0.682169 -2.24881
    endloop
  endfacet
  facet normal 0 -0.242957 0.970037
    outer loop
      vertex 50 0.458462 -2.30484
      vertex 30 0.682169 -2.24881
      vertex 30 0.458462 -2.30484
    endloop
  endfacet
  facet normal -0 0.0490855 0.998795
    outer loop
      vertex 30 0 -2.35
      vertex 50 -0.23034 -2.33868
      vertex 50 0 -2.35
    endloop
  endfacet
  facet normal 0 0.0490855 0.998795
    outer loop
      vertex 50 -0.23034 -2.33868
      vertex 30 0 -2.35
      vertex 30 -0.23034 -2.33868
    endloop
  endfacet
  facet normal 0 -0.903975 0.427586
    outer loop
      vertex 30 2.07251 -1.10778
      vertex 50 2.17112 -0.899305
      vertex 30 2.17112 -0.899305
    endloop
  endfacet
  facet normal 0 -0.903975 0.427586
    outer loop
      vertex 50 2.17112 -0.899305
      vertex 30 2.07251 -1.10778
      vertex 50 2.07251 -1.10778
    endloop
  endfacet
  facet normal -0 0.33688 0.941548
    outer loop
      vertex 30 -0.682169 -2.24881
      vertex 50 -0.899305 -2.17112
      vertex 50 -0.682169 -2.24881
    endloop
  endfacet
  facet normal 0 0.33688 0.941548
    outer loop
      vertex 50 -0.899305 -2.17112
      vertex 30 -0.682169 -2.24881
      vertex 30 -0.899305 -2.17112
    endloop
  endfacet
  facet normal 0 -0.595711 -0.803199
    outer loop
      vertex 28 1.30559 1.95395
      vertex 52 1.49082 1.81657
      vertex 52 1.30559 1.95395
    endloop
  endfacet
  facet normal -0 -0.595711 -0.803199
    outer loop
      vertex 52 1.49082 1.81657
      vertex 28 1.30559 1.95395
      vertex 28 1.49082 1.81657
    endloop
  endfacet
  facet normal 0 -0.0490855 0.998795
    outer loop
      vertex 30 0.23034 -2.33868
      vertex 50 0 -2.35
      vertex 50 0.23034 -2.33868
    endloop
  endfacet
  facet normal 0 -0.0490855 0.998795
    outer loop
      vertex 50 0 -2.35
      vertex 30 0.23034 -2.33868
      vertex 30 0 -2.35
    endloop
  endfacet
  facet normal 0 0.514094 -0.857734
    outer loop
      vertex 30 -1.30559 1.95395
      vertex 50 -1.10778 2.07251
      vertex 50 -1.30559 1.95395
    endloop
  endfacet
  facet normal 0 0.514094 -0.857734
    outer loop
      vertex 50 -1.10778 2.07251
      vertex 30 -1.30559 1.95395
      vertex 30 -1.10778 2.07251
    endloop
  endfacet
  facet normal -0 0.671543 0.740965
    outer loop
      vertex 30 -1.49082 -1.81657
      vertex 50 -1.6617 -1.6617
      vertex 50 -1.49082 -1.81657
    endloop
  endfacet
  facet normal 0 0.671543 0.740965
    outer loop
      vertex 50 -1.6617 -1.6617
      vertex 30 -1.49082 -1.81657
      vertex 30 -1.6617 -1.6617
    endloop
  endfacet
  facet normal 0 -0.242957 -0.970037
    outer loop
      vertex 28 0.458462 2.30484
      vertex 52 0.682169 2.24881
      vertex 52 0.458462 2.30484
    endloop
  endfacet
  facet normal -0 -0.242957 -0.970037
    outer loop
      vertex 52 0.682169 2.24881
      vertex 28 0.458462 2.30484
      vertex 28 0.682169 2.24881
    endloop
  endfacet
  facet normal 0 -0.970037 -0.242957
    outer loop
      vertex 28 2.30484 0.458462
      vertex 52 2.24881 0.682169
      vertex 28 2.24881 0.682169
    endloop
  endfacet
  facet normal 0 -0.970037 -0.242957
    outer loop
      vertex 52 2.24881 0.682169
      vertex 28 2.30484 0.458462
      vertex 52 2.30484 0.458462
    endloop
  endfacet
  facet normal 0 -0.941548 -0.33688
    outer loop
      vertex 28 2.24881 0.682169
      vertex 52 2.17112 0.899305
      vertex 28 2.17112 0.899305
    endloop
  endfacet
  facet normal 0 -0.941548 -0.33688
    outer loop
      vertex 52 2.17112 0.899305
      vertex 28 2.24881 0.682169
      vertex 52 2.24881 0.682169
    endloop
  endfacet
  facet normal 0 0.740965 -0.671543
    outer loop
      vertex 50 -1.81657 1.49082
      vertex 30 -1.6617 1.6617
      vertex 50 -1.6617 1.6617
    endloop
  endfacet
  facet normal 0 0.740965 -0.671543
    outer loop
      vertex 30 -1.6617 1.6617
      vertex 50 -1.81657 1.49082
      vertex 30 -1.81657 1.49082
    endloop
  endfacet
  facet normal -0 0.427586 0.903975
    outer loop
      vertex 30 -0.899305 -2.17112
      vertex 50 -1.10778 -2.07251
      vertex 50 -0.899305 -2.17112
    endloop
  endfacet
  facet normal 0 0.427586 0.903975
    outer loop
      vertex 50 -1.10778 -2.07251
      vertex 30 -0.899305 -2.17112
      vertex 30 -1.10778 -2.07251
    endloop
  endfacet
  facet normal 0 0.595711 -0.803199
    outer loop
      vertex 30 -1.49082 1.81657
      vertex 50 -1.30559 1.95395
      vertex 50 -1.49082 1.81657
    endloop
  endfacet
  facet normal 0 0.595711 -0.803199
    outer loop
      vertex 50 -1.30559 1.95395
      vertex 30 -1.49082 1.81657
      vertex 30 -1.30559 1.95395
    endloop
  endfacet
  facet normal 0 -0.595711 0.803199
    outer loop
      vertex 30 1.49082 -1.81657
      vertex 50 1.30559 -1.95395
      vertex 50 1.49082 -1.81657
    endloop
  endfacet
  facet normal 0 -0.595711 0.803199
    outer loop
      vertex 50 1.30559 -1.95395
      vertex 30 1.49082 -1.81657
      vertex 30 1.30559 -1.95395
    endloop
  endfacet
  facet normal -0 0.146736 0.989176
    outer loop
      vertex 30 -0.23034 -2.33868
      vertex 50 -0.458462 -2.30484
      vertex 50 -0.23034 -2.33868
    endloop
  endfacet
  facet normal 0 0.146736 0.989176
    outer loop
      vertex 50 -0.458462 -2.30484
      vertex 30 -0.23034 -2.33868
      vertex 30 -0.458462 -2.30484
    endloop
  endfacet
  facet normal 0 0.998795 0.0490855
    outer loop
      vertex 50 -2.33868 -0.23034
      vertex 30 -2.35 0
      vertex 50 -2.35 0
    endloop
  endfacet
  facet normal 0 0.998795 0.0490855
    outer loop
      vertex 30 -2.35 0
      vertex 50 -2.33868 -0.23034
      vertex 30 -2.33868 -0.23034
    endloop
  endfacet
  facet normal 0 0.989176 0.146736
    outer loop
      vertex 50 -2.30484 -0.458462
      vertex 30 -2.33868 -0.23034
      vertex 50 -2.33868 -0.23034
    endloop
  endfacet
  facet normal 0 0.989176 0.146736
    outer loop
      vertex 30 -2.33868 -0.23034
      vertex 50 -2.30484 -0.458462
      vertex 30 -2.30484 -0.458462
    endloop
  endfacet
  facet normal 0 -0.427586 0.903975
    outer loop
      vertex 30 1.10778 -2.07251
      vertex 50 0.899305 -2.17112
      vertex 50 1.10778 -2.07251
    endloop
  endfacet
  facet normal 0 -0.427586 0.903975
    outer loop
      vertex 50 0.899305 -2.17112
      vertex 30 1.10778 -2.07251
      vertex 30 0.899305 -2.17112
    endloop
  endfacet
  facet normal 0 0.941548 -0.33688
    outer loop
      vertex 50 -2.24881 0.682169
      vertex 30 -2.17112 0.899305
      vertex 50 -2.17112 0.899305
    endloop
  endfacet
  facet normal 0 0.941548 -0.33688
    outer loop
      vertex 30 -2.17112 0.899305
      vertex 50 -2.24881 0.682169
      vertex 30 -2.24881 0.682169
    endloop
  endfacet
  facet normal 0 -0.740965 0.671543
    outer loop
      vertex 30 1.6617 -1.6617
      vertex 50 1.81657 -1.49082
      vertex 30 1.81657 -1.49082
    endloop
  endfacet
  facet normal 0 -0.740965 0.671543
    outer loop
      vertex 50 1.81657 -1.49082
      vertex 30 1.6617 -1.6617
      vertex 50 1.6617 -1.6617
    endloop
  endfacet
  facet normal -0 0.595711 0.803199
    outer loop
      vertex 30 -1.30559 -1.95395
      vertex 50 -1.49082 -1.81657
      vertex 50 -1.30559 -1.95395
    endloop
  endfacet
  facet normal 0 0.595711 0.803199
    outer loop
      vertex 50 -1.49082 -1.81657
      vertex 30 -1.30559 -1.95395
      vertex 30 -1.49082 -1.81657
    endloop
  endfacet
  facet normal 0 -0.941548 0.33688
    outer loop
      vertex 30 2.17112 -0.899305
      vertex 50 2.24881 -0.682169
      vertex 30 2.24881 -0.682169
    endloop
  endfacet
  facet normal 0 -0.941548 0.33688
    outer loop
      vertex 50 2.24881 -0.682169
      vertex 30 2.17112 -0.899305
      vertex 50 2.17112 -0.899305
    endloop
  endfacet
  facet normal 0 -0.146736 0.989176
    outer loop
      vertex 30 0.458462 -2.30484
      vertex 50 0.23034 -2.33868
      vertex 50 0.458462 -2.30484
    endloop
  endfacet
  facet normal 0 -0.146736 0.989176
    outer loop
      vertex 50 0.23034 -2.33868
      vertex 30 0.458462 -2.30484
      vertex 30 0.23034 -2.33868
    endloop
  endfacet
  facet normal 0 0.146736 -0.989176
    outer loop
      vertex 30 -0.458462 2.30484
      vertex 50 -0.23034 2.33868
      vertex 50 -0.458462 2.30484
    endloop
  endfacet
  facet normal 0 0.146736 -0.989176
    outer loop
      vertex 50 -0.23034 2.33868
      vertex 30 -0.458462 2.30484
      vertex 30 -0.23034 2.33868
    endloop
  endfacet
  facet normal 0 -0.998795 0.0490855
    outer loop
      vertex 30 2.33868 -0.23034
      vertex 50 2.35 0
      vertex 30 2.35 0
    endloop
  endfacet
  facet normal 0 -0.998795 0.0490855
    outer loop
      vertex 50 2.35 0
      vertex 30 2.33868 -0.23034
      vertex 50 2.33868 -0.23034
    endloop
  endfacet
  facet normal -0 -0.998795 -0.0490855
    outer loop
      vertex 30 2.35 0
      vertex 28 2.33868 0.23034
      vertex 28 2.35 0
    endloop
  endfacet
  facet normal 0 -0.998795 -0.0490855
    outer loop
      vertex 28 2.33868 0.23034
      vertex 30 2.35 0
      vertex 52 2.33868 0.23034
    endloop
  endfacet
  facet normal -0 -0.998795 -0.0490855
    outer loop
      vertex 50 2.35 0
      vertex 52 2.33868 0.23034
      vertex 30 2.35 0
    endloop
  endfacet
  facet normal 0 -0.998795 -0.0490855
    outer loop
      vertex 52 2.33868 0.23034
      vertex 50 2.35 0
      vertex 52 2.35 0
    endloop
  endfacet
  facet normal 0 -0.903975 -0.427586
    outer loop
      vertex 28 2.17112 0.899305
      vertex 52 2.07251 1.10778
      vertex 28 2.07251 1.10778
    endloop
  endfacet
  facet normal 0 -0.903975 -0.427586
    outer loop
      vertex 52 2.07251 1.10778
      vertex 28 2.17112 0.899305
      vertex 52 2.17112 0.899305
    endloop
  endfacet
  facet normal 0 -0.427586 -0.903975
    outer loop
      vertex 28 0.899305 2.17112
      vertex 52 1.10778 2.07251
      vertex 52 0.899305 2.17112
    endloop
  endfacet
  facet normal -0 -0.427586 -0.903975
    outer loop
      vertex 52 1.10778 2.07251
      vertex 28 0.899305 2.17112
      vertex 28 1.10778 2.07251
    endloop
  endfacet
  facet normal 0 0.0490855 -0.998795
    outer loop
      vertex 30 -0.23034 2.33868
      vertex 50 0 2.35
      vertex 50 -0.23034 2.33868
    endloop
  endfacet
  facet normal 0 0.0490855 -0.998795
    outer loop
      vertex 50 0 2.35
      vertex 30 -0.23034 2.33868
      vertex 30 0 2.35
    endloop
  endfacet
  facet normal 0 -0.803199 0.595711
    outer loop
      vertex 30 1.81657 -1.49082
      vertex 50 1.95395 -1.30559
      vertex 30 1.95395 -1.30559
    endloop
  endfacet
  facet normal 0 -0.803199 0.595711
    outer loop
      vertex 50 1.95395 -1.30559
      vertex 30 1.81657 -1.49082
      vertex 50 1.81657 -1.49082
    endloop
  endfacet
  facet normal 0 0.903975 0.427586
    outer loop
      vertex 50 -2.07251 -1.10778
      vertex 30 -2.17112 -0.899305
      vertex 50 -2.17112 -0.899305
    endloop
  endfacet
  facet normal 0 0.903975 0.427586
    outer loop
      vertex 30 -2.17112 -0.899305
      vertex 50 -2.07251 -1.10778
      vertex 30 -2.07251 -1.10778
    endloop
  endfacet
  facet normal 0 -0.33688 0.941548
    outer loop
      vertex 30 0.899305 -2.17112
      vertex 50 0.682169 -2.24881
      vertex 50 0.899305 -2.17112
    endloop
  endfacet
  facet normal 0 -0.33688 0.941548
    outer loop
      vertex 50 0.682169 -2.24881
      vertex 30 0.899305 -2.17112
      vertex 30 0.682169 -2.24881
    endloop
  endfacet
  facet normal 0 -0.857734 0.514094
    outer loop
      vertex 30 1.95395 -1.30559
      vertex 50 2.07251 -1.10778
      vertex 30 2.07251 -1.10778
    endloop
  endfacet
  facet normal 0 -0.857734 0.514094
    outer loop
      vertex 50 2.07251 -1.10778
      vertex 30 1.95395 -1.30559
      vertex 50 1.95395 -1.30559
    endloop
  endfacet
  facet normal 0 -0.740965 -0.671543
    outer loop
      vertex 28 1.81657 1.49082
      vertex 52 1.6617 1.6617
      vertex 28 1.6617 1.6617
    endloop
  endfacet
  facet normal 0 -0.740965 -0.671543
    outer loop
      vertex 52 1.6617 1.6617
      vertex 28 1.81657 1.49082
      vertex 52 1.81657 1.49082
    endloop
  endfacet
  facet normal -0 0.242957 0.970037
    outer loop
      vertex 30 -0.458462 -2.30484
      vertex 50 -0.682169 -2.24881
      vertex 50 -0.458462 -2.30484
    endloop
  endfacet
  facet normal 0 0.242957 0.970037
    outer loop
      vertex 50 -0.682169 -2.24881
      vertex 30 -0.458462 -2.30484
      vertex 30 -0.682169 -2.24881
    endloop
  endfacet
  facet normal 0 -0.514094 0.857734
    outer loop
      vertex 30 1.30559 -1.95395
      vertex 50 1.10778 -2.07251
      vertex 50 1.30559 -1.95395
    endloop
  endfacet
  facet normal 0 -0.514094 0.857734
    outer loop
      vertex 50 1.10778 -2.07251
      vertex 30 1.30559 -1.95395
      vertex 30 1.10778 -2.07251
    endloop
  endfacet
  facet normal 0 0.33688 -0.941548
    outer loop
      vertex 30 -0.899305 2.17112
      vertex 50 -0.682169 2.24881
      vertex 50 -0.899305 2.17112
    endloop
  endfacet
  facet normal 0 0.33688 -0.941548
    outer loop
      vertex 50 -0.682169 2.24881
      vertex 30 -0.899305 2.17112
      vertex 30 -0.682169 2.24881
    endloop
  endfacet
  facet normal 0 0.671543 -0.740965
    outer loop
      vertex 30 -1.6617 1.6617
      vertex 50 -1.49082 1.81657
      vertex 50 -1.6617 1.6617
    endloop
  endfacet
  facet normal 0 0.671543 -0.740965
    outer loop
      vertex 50 -1.49082 1.81657
      vertex 30 -1.6617 1.6617
      vertex 30 -1.49082 1.81657
    endloop
  endfacet
  facet normal 0 0.857734 -0.514094
    outer loop
      vertex 50 -2.07251 1.10778
      vertex 30 -1.95395 1.30559
      vertex 50 -1.95395 1.30559
    endloop
  endfacet
  facet normal 0 0.857734 -0.514094
    outer loop
      vertex 30 -1.95395 1.30559
      vertex 50 -2.07251 1.10778
      vertex 30 -2.07251 1.10778
    endloop
  endfacet
  facet normal 0 0.242957 -0.970037
    outer loop
      vertex 30 -0.682169 2.24881
      vertex 50 -0.458462 2.30484
      vertex 50 -0.682169 2.24881
    endloop
  endfacet
  facet normal 0 0.242957 -0.970037
    outer loop
      vertex 50 -0.458462 2.30484
      vertex 30 -0.682169 2.24881
      vertex 30 -0.458462 2.30484
    endloop
  endfacet
  facet normal 0 0.941548 0.33688
    outer loop
      vertex 50 -2.17112 -0.899305
      vertex 30 -2.24881 -0.682169
      vertex 50 -2.24881 -0.682169
    endloop
  endfacet
  facet normal 0 0.941548 0.33688
    outer loop
      vertex 30 -2.24881 -0.682169
      vertex 50 -2.17112 -0.899305
      vertex 30 -2.17112 -0.899305
    endloop
  endfacet
  facet normal 0 -0.146736 -0.989176
    outer loop
      vertex 28 0.23034 2.33868
      vertex 52 0.458462 2.30484
      vertex 52 0.23034 2.33868
    endloop
  endfacet
  facet normal -0 -0.146736 -0.989176
    outer loop
      vertex 52 0.458462 2.30484
      vertex 28 0.23034 2.33868
      vertex 28 0.458462 2.30484
    endloop
  endfacet
  facet normal 0 -0.671543 -0.740965
    outer loop
      vertex 28 1.49082 1.81657
      vertex 52 1.6617 1.6617
      vertex 52 1.49082 1.81657
    endloop
  endfacet
  facet normal -0 -0.671543 -0.740965
    outer loop
      vertex 52 1.6617 1.6617
      vertex 28 1.49082 1.81657
      vertex 28 1.6617 1.6617
    endloop
  endfacet
  facet normal 0 0.803199 0.595711
    outer loop
      vertex 50 -1.81657 -1.49082
      vertex 30 -1.95395 -1.30559
      vertex 50 -1.95395 -1.30559
    endloop
  endfacet
  facet normal 0 0.803199 0.595711
    outer loop
      vertex 30 -1.95395 -1.30559
      vertex 50 -1.81657 -1.49082
      vertex 30 -1.81657 -1.49082
    endloop
  endfacet
  facet normal -1 0 0
    outer loop
      vertex 52 0 0
      vertex 52 2.33868 0.23034
      vertex 52 2.35 0
    endloop
  endfacet
  facet normal -1 -0 0
    outer loop
      vertex 52 2.33868 0.23034
      vertex 52 0 0
      vertex 52 2.30484 0.458462
    endloop
  endfacet
  facet normal -1 -0 0
    outer loop
      vertex 52 2.30484 0.458462
      vertex 52 0 0
      vertex 52 2.24881 0.682169
    endloop
  endfacet
  facet normal -1 -0 0
    outer loop
      vertex 52 2.24881 0.682169
      vertex 52 0 0
      vertex 52 2.17112 0.899305
    endloop
  endfacet
  facet normal -1 -0 0
    outer loop
      vertex 52 2.17112 0.899305
      vertex 52 0 0
      vertex 52 2.07251 1.10778
    endloop
  endfacet
  facet normal -1 -0 0
    outer loop
      vertex 52 2.07251 1.10778
      vertex 52 0 0
      vertex 52 1.95395 1.30559
    endloop
  endfacet
  facet normal -1 -0 0
    outer loop
      vertex 52 1.95395 1.30559
      vertex 52 0 0
      vertex 52 1.81657 1.49082
    endloop
  endfacet
  facet normal -1 -0 0
    outer loop
      vertex 52 1.81657 1.49082
      vertex 52 0 0
      vertex 52 1.6617 1.6617
    endloop
  endfacet
  facet normal -1 -0 0
    outer loop
      vertex 52 1.6617 1.6617
      vertex 52 0 0
      vertex 52 1.49082 1.81657
    endloop
  endfacet
  facet normal -1 -0 0
    outer loop
      vertex 52 1.49082 1.81657
      vertex 52 0 0
      vertex 52 1.30559 1.95395
    endloop
  endfacet
  facet normal -1 -0 0
    outer loop
      vertex 52 1.30559 1.95395
      vertex 52 0 0
      vertex 52 1.10778 2.07251
    endloop
  endfacet
  facet normal -1 -0 0
    outer loop
      vertex 52 1.10778 2.07251
      vertex 52 0 0
      vertex 52 0.899305 2.17112
    endloop
  endfacet
  facet normal -1 -0 0
    outer loop
      vertex 52 0.899305 2.17112
      vertex 52 0 0
      vertex 52 0.682169 2.24881
    endloop
  endfacet
  facet normal -1 -0 0
    outer loop
      vertex 52 0.682169 2.24881
      vertex 52 0 0
      vertex 52 0.458462 2.30484
    endloop
  endfacet
  facet normal -1 -0 0
    outer loop
      vertex 52 0.458462 2.30484
      vertex 52 0 0
      vertex 52 0.23034 2.33868
    endloop
  endfacet
  facet normal -1 -0 0
    outer loop
      vertex 52 0.23034 2.33868
      vertex 52 0 0
      vertex 52 0 2.35
    endloop
  endfacet
  facet normal 0 -0.803199 -0.595711
    outer loop
      vertex 28 1.95395 1.30559
      vertex 52 1.81657 1.49082
      vertex 28 1.81657 1.49082
    endloop
  endfacet
  facet normal 0 -0.803199 -0.595711
    outer loop
      vertex 52 1.81657 1.49082
      vertex 28 1.95395 1.30559
      vertex 52 1.95395 1.30559
    endloop
  endfacet
  facet normal 0 -0.671543 0.740965
    outer loop
      vertex 30 1.6617 -1.6617
      vertex 50 1.49082 -1.81657
      vertex 50 1.6617 -1.6617
    endloop
  endfacet
  facet normal 0 -0.671543 0.740965
    outer loop
      vertex 50 1.49082 -1.81657
      vertex 30 1.6617 -1.6617
      vertex 30 1.49082 -1.81657
    endloop
  endfacet
  facet normal 0 0.427586 -0.903975
    outer loop
      vertex 30 -1.10778 2.07251
      vertex 50 -0.899305 2.17112
      vertex 50 -1.10778 2.07251
    endloop
  endfacet
  facet normal 0 0.427586 -0.903975
    outer loop
      vertex 50 -0.899305 2.17112
      vertex 30 -1.10778 2.07251
      vertex 30 -0.899305 2.17112
    endloop
  endfacet
  facet normal 0 -0.970037 0.242957
    outer loop
      vertex 30 2.24881 -0.682169
      vertex 50 2.30484 -0.458462
      vertex 30 2.30484 -0.458462
    endloop
  endfacet
  facet normal 0 -0.970037 0.242957
    outer loop
      vertex 50 2.30484 -0.458462
      vertex 30 2.24881 -0.682169
      vertex 50 2.24881 -0.682169
    endloop
  endfacet
  facet normal 0 0.998795 -0.0490855
    outer loop
      vertex 50 -2.35 0
      vertex 30 -2.33868 0.23034
      vertex 50 -2.33868 0.23034
    endloop
  endfacet
  facet normal 0 0.998795 -0.0490855
    outer loop
      vertex 30 -2.33868 0.23034
      vertex 50 -2.35 0
      vertex 30 -2.35 0
    endloop
  endfacet
  facet normal 0 0.740965 0.671543
    outer loop
      vertex 50 -1.6617 -1.6617
      vertex 30 -1.81657 -1.49082
      vertex 50 -1.81657 -1.49082
    endloop
  endfacet
  facet normal 0 0.740965 0.671543
    outer loop
      vertex 30 -1.81657 -1.49082
      vertex 50 -1.6617 -1.6617
      vertex 30 -1.6617 -1.6617
    endloop
  endfacet
  facet normal 0 0.989176 -0.146736
    outer loop
      vertex 50 -2.33868 0.23034
      vertex 30 -2.30484 0.458462
      vertex 50 -2.30484 0.458462
    endloop
  endfacet
  facet normal 0 0.989176 -0.146736
    outer loop
      vertex 30 -2.30484 0.458462
      vertex 50 -2.33868 0.23034
      vertex 30 -2.33868 0.23034
    endloop
  endfacet
  facet normal 0 0.857734 0.514094
    outer loop
      vertex 50 -1.95395 -1.30559
      vertex 30 -2.07251 -1.10778
      vertex 50 -2.07251 -1.10778
    endloop
  endfacet
  facet normal 0 0.857734 0.514094
    outer loop
      vertex 30 -2.07251 -1.10778
      vertex 50 -1.95395 -1.30559
      vertex 30 -1.95395 -1.30559
    endloop
  endfacet
  facet normal -0 0.514094 0.857734
    outer loop
      vertex 30 -1.10778 -2.07251
      vertex 50 -1.30559 -1.95395
      vertex 50 -1.10778 -2.07251
    endloop
  endfacet
  facet normal 0 0.514094 0.857734
    outer loop
      vertex 50 -1.30559 -1.95395
      vertex 30 -1.10778 -2.07251
      vertex 30 -1.30559 -1.95395
    endloop
  endfacet
  facet normal 0 0.970037 0.242957
    outer loop
      vertex 50 -2.24881 -0.682169
      vertex 30 -2.30484 -0.458462
      vertex 50 -2.30484 -0.458462
    endloop
  endfacet
  facet normal 0 0.970037 0.242957
    outer loop
      vertex 30 -2.30484 -0.458462
      vertex 50 -2.24881 -0.682169
      vertex 30 -2.24881 -0.682169
    endloop
  endfacet
  facet normal 0 -0.857734 -0.514094
    outer loop
      vertex 28 2.07251 1.10778
      vertex 52 1.95395 1.30559
      vertex 28 1.95395 1.30559
    endloop
  endfacet
  facet normal 0 -0.857734 -0.514094
    outer loop
      vertex 52 1.95395 1.30559
      vertex 28 2.07251 1.10778
      vertex 52 2.07251 1.10778
    endloop
  endfacet
  facet normal 0 0.803199 -0.595711
    outer loop
      vertex 50 -1.95395 1.30559
      vertex 30 -1.81657 1.49082
      vertex 50 -1.81657 1.49082
    endloop
  endfacet
  facet normal 0 0.803199 -0.595711
    outer loop
      vertex 30 -1.81657 1.49082
      vertex 50 -1.95395 1.30559
      vertex 30 -1.95395 1.30559
    endloop
  endfacet
  facet normal 0 -0.33688 -0.941548
    outer loop
      vertex 28 0.682169 2.24881
      vertex 52 0.899305 2.17112
      vertex 52 0.682169 2.24881
    endloop
  endfacet
  facet normal -0 -0.33688 -0.941548
    outer loop
      vertex 52 0.899305 2.17112
      vertex 28 0.682169 2.24881
      vertex 28 0.899305 2.17112
    endloop
  endfacet
  facet normal 0 -0.0490855 -0.998795
    outer loop
      vertex 50 0 2.35
      vertex 52 0.23034 2.33868
      vertex 52 0 2.35
    endloop
  endfacet
  facet normal 0 -0.0490855 -0.998795
    outer loop
      vertex 30 0 2.35
      vertex 52 0.23034 2.33868
      vertex 50 0 2.35
    endloop
  endfacet
  facet normal 0 -0.0490855 -0.998795
    outer loop
      vertex 28 0.23034 2.33868
      vertex 30 0 2.35
      vertex 28 0 2.35
    endloop
  endfacet
  facet normal 0 -0.0490855 -0.998795
    outer loop
      vertex 30 0 2.35
      vertex 28 0.23034 2.33868
      vertex 52 0.23034 2.33868
    endloop
  endfacet
  facet normal 0 0.970037 -0.242957
    outer loop
      vertex 50 -2.30484 0.458462
      vertex 30 -2.24881 0.682169
      vertex 50 -2.24881 0.682169
    endloop
  endfacet
  facet normal 0 0.970037 -0.242957
    outer loop
      vertex 30 -2.24881 0.682169
      vertex 50 -2.30484 0.458462
      vertex 30 -2.30484 0.458462
    endloop
  endfacet
  facet normal 0 0.903975 -0.427586
    outer loop
      vertex 50 -2.17112 0.899305
      vertex 30 -2.07251 1.10778
      vertex 50 -2.07251 1.10778
    endloop
  endfacet
  facet normal 0 0.903975 -0.427586
    outer loop
      vertex 30 -2.07251 1.10778
      vertex 50 -2.17112 0.899305
      vertex 30 -2.17112 0.899305
    endloop
  endfacet
  facet normal 0 -0.989176 0.146736
    outer loop
      vertex 30 2.30484 -0.458462
      vertex 50 2.33868 -0.23034
      vertex 30 2.33868 -0.23034
    endloop
  endfacet
  facet normal 0 -0.989176 0.146736
    outer loop
      vertex 50 2.33868 -0.23034
      vertex 30 2.30484 -0.458462
      vertex 50 2.30484 -0.458462
    endloop
  endfacet
  facet normal 0 -0.514094 -0.857734
    outer loop
      vertex 28 1.10778 2.07251
      vertex 52 1.30559 1.95395
      vertex 52 1.10778 2.07251
    endloop
  endfacet
  facet normal -0 -0.514094 -0.857734
    outer loop
      vertex 52 1.30559 1.95395
      vertex 28 1.10778 2.07251
      vertex 28 1.30559 1.95395
    endloop
  endfacet
  facet normal 1 0 0
    outer loop
      vertex 123 0 0
      vertex 123 2.33868 0.23034
      vertex 123 2.30484 0.458462
    endloop
  endfacet
  facet normal 1 0 0
    outer loop
      vertex 123 0 0
      vertex 123 2.30484 0.458462
      vertex 123 2.24881 0.682169
    endloop
  endfacet
  facet normal 1 0 0
    outer loop
      vertex 123 0 0
      vertex 123 2.24881 0.682169
      vertex 123 2.17112 0.899305
    endloop
  endfacet
  facet normal 1 0 0
    outer loop
      vertex 123 0 0
      vertex 123 2.17112 0.899305
      vertex 123 2.07251 1.10778
    endloop
  endfacet
  facet normal 1 0 0
    outer loop
      vertex 123 0 0
      vertex 123 2.07251 1.10778
      vertex 123 1.95395 1.30559
    endloop
  endfacet
  facet normal 1 0 0
    outer loop
      vertex 123 0 0
      vertex 123 1.95395 1.30559
      vertex 123 1.81657 1.49082
    endloop
  endfacet
  facet normal 1 0 0
    outer loop
      vertex 123 0 0
      vertex 123 1.81657 1.49082
      vertex 123 1.6617 1.6617
    endloop
  endfacet
  facet normal 1 0 0
    outer loop
      vertex 123 0 0
      vertex 123 1.6617 1.6617
      vertex 123 1.49082 1.81657
    endloop
  endfacet
  facet normal 1 0 0
    outer loop
      vertex 123 0 0
      vertex 123 1.49082 1.81657
      vertex 123 1.30559 1.95395
    endloop
  endfacet
  facet normal 1 0 0
    outer loop
      vertex 123 0 0
      vertex 123 1.30559 1.95395
      vertex 123 1.10778 2.07251
    endloop
  endfacet
  facet normal 1 0 0
    outer loop
      vertex 123 0 0
      vertex 123 1.10778 2.07251
      vertex 123 0.899305 2.17112
    endloop
  endfacet
  facet normal 1 0 0
    outer loop
      vertex 123 0 0
      vertex 123 0.899305 2.17112
      vertex 123 0.682169 2.24881
    endloop
  endfacet
  facet normal 1 0 0
    outer loop
      vertex 123 0 0
      vertex 123 0.682169 2.24881
      vertex 123 0.458462 2.30484
    endloop
  endfacet
  facet normal 1 0 0
    outer loop
      vertex 123 0 0
      vertex 123 0.458462 2.30484
      vertex 123 0.23034 2.33868
    endloop
  endfacet
  facet normal 1 0 0
    outer loop
      vertex 123 0 0
      vertex 123 0.23034 2.33868
      vertex 123 0 2.35
    endloop
  endfacet
  facet normal 1 0 0
    outer loop
      vertex 123 2.33868 0.23034
      vertex 123 0 0
      vertex 123 2.35 0
    endloop
  endfacet
  facet normal 0 -0.989176 -0.146736
    outer loop
      vertex 123 2.33868 0.23034
      vertex 147 2.30484 0.458462
      vertex 123 2.30484 0.458462
    endloop
  endfacet
  facet normal 0 -0.989176 -0.146736
    outer loop
      vertex 147 2.30484 0.458462
      vertex 123 2.33868 0.23034
      vertex 147 2.33868 0.23034
    endloop
  endfacet
  facet normal 0 -0.146736 0.989176
    outer loop
      vertex 125 0.458462 -2.30484
      vertex 145 0.23034 -2.33868
      vertex 145 0.458462 -2.30484
    endloop
  endfacet
  facet normal 0 -0.146736 0.989176
    outer loop
      vertex 145 0.23034 -2.33868
      vertex 125 0.458462 -2.30484
      vertex 125 0.23034 -2.33868
    endloop
  endfacet
  facet normal 0 -0.242957 0.970037
    outer loop
      vertex 125 0.682169 -2.24881
      vertex 145 0.458462 -2.30484
      vertex 145 0.682169 -2.24881
    endloop
  endfacet
  facet normal 0 -0.242957 0.970037
    outer loop
      vertex 145 0.458462 -2.30484
      vertex 125 0.682169 -2.24881
      vertex 125 0.458462 -2.30484
    endloop
  endfacet
  facet normal -0 0.0490855 0.998795
    outer loop
      vertex 125 0 -2.35
      vertex 145 -0.23034 -2.33868
      vertex 145 0 -2.35
    endloop
  endfacet
  facet normal 0 0.0490855 0.998795
    outer loop
      vertex 145 -0.23034 -2.33868
      vertex 125 0 -2.35
      vertex 125 -0.23034 -2.33868
    endloop
  endfacet
  facet normal 0 -0.903975 0.427586
    outer loop
      vertex 125 2.07251 -1.10778
      vertex 145 2.17112 -0.899305
      vertex 125 2.17112 -0.899305
    endloop
  endfacet
  facet normal 0 -0.903975 0.427586
    outer loop
      vertex 145 2.17112 -0.899305
      vertex 125 2.07251 -1.10778
      vertex 145 2.07251 -1.10778
    endloop
  endfacet
  facet normal -0 0.33688 0.941548
    outer loop
      vertex 125 -0.682169 -2.24881
      vertex 145 -0.899305 -2.17112
      vertex 145 -0.682169 -2.24881
    endloop
  endfacet
  facet normal 0 0.33688 0.941548
    outer loop
      vertex 145 -0.899305 -2.17112
      vertex 125 -0.682169 -2.24881
      vertex 125 -0.899305 -2.17112
    endloop
  endfacet
  facet normal 0 -0.595711 -0.803199
    outer loop
      vertex 123 1.30559 1.95395
      vertex 147 1.49082 1.81657
      vertex 147 1.30559 1.95395
    endloop
  endfacet
  facet normal -0 -0.595711 -0.803199
    outer loop
      vertex 147 1.49082 1.81657
      vertex 123 1.30559 1.95395
      vertex 123 1.49082 1.81657
    endloop
  endfacet
  facet normal 0 -0.0490855 0.998795
    outer loop
      vertex 125 0.23034 -2.33868
      vertex 145 0 -2.35
      vertex 145 0.23034 -2.33868
    endloop
  endfacet
  facet normal 0 -0.0490855 0.998795
    outer loop
      vertex 145 0 -2.35
      vertex 125 0.23034 -2.33868
      vertex 125 0 -2.35
    endloop
  endfacet
  facet normal 0 0.514094 -0.857734
    outer loop
      vertex 125 -1.30559 1.95395
      vertex 145 -1.10778 2.07251
      vertex 145 -1.30559 1.95395
    endloop
  endfacet
  facet normal 0 0.514094 -0.857734
    outer loop
      vertex 145 -1.10778 2.07251
      vertex 125 -1.30559 1.95395
      vertex 125 -1.10778 2.07251
    endloop
  endfacet
  facet normal -0 0.671543 0.740965
    outer loop
      vertex 125 -1.49082 -1.81657
      vertex 145 -1.6617 -1.6617
      vertex 145 -1.49082 -1.81657
    endloop
  endfacet
  facet normal 0 0.671543 0.740965
    outer loop
      vertex 145 -1.6617 -1.6617
      vertex 125 -1.49082 -1.81657
      vertex 125 -1.6617 -1.6617
    endloop
  endfacet
  facet normal 0 -0.242957 -0.970037
    outer loop
      vertex 123 0.458462 2.30484
      vertex 147 0.682169 2.24881
      vertex 147 0.458462 2.30484
    endloop
  endfacet
  facet normal -0 -0.242957 -0.970037
    outer loop
      vertex 147 0.682169 2.24881
      vertex 123 0.458462 2.30484
      vertex 123 0.682169 2.24881
    endloop
  endfacet
  facet normal 0 -0.970037 -0.242957
    outer loop
      vertex 123 2.30484 0.458462
      vertex 147 2.24881 0.682169
      vertex 123 2.24881 0.682169
    endloop
  endfacet
  facet normal 0 -0.970037 -0.242957
    outer loop
      vertex 147 2.24881 0.682169
      vertex 123 2.30484 0.458462
      vertex 147 2.30484 0.458462
    endloop
  endfacet
  facet normal 0 -0.941548 -0.33688
    outer loop
      vertex 123 2.24881 0.682169
      vertex 147 2.17112 0.899305
      vertex 123 2.17112 0.899305
    endloop
  endfacet
  facet normal 0 -0.941548 -0.33688
    outer loop
      vertex 147 2.17112 0.899305
      vertex 123 2.24881 0.682169
      vertex 147 2.24881 0.682169
    endloop
  endfacet
  facet normal 0 0.740965 -0.671543
    outer loop
      vertex 145 -1.81657 1.49082
      vertex 125 -1.6617 1.6617
      vertex 145 -1.6617 1.6617
    endloop
  endfacet
  facet normal 0 0.740965 -0.671543
    outer loop
      vertex 125 -1.6617 1.6617
      vertex 145 -1.81657 1.49082
      vertex 125 -1.81657 1.49082
    endloop
  endfacet
  facet normal -0 0.427586 0.903975
    outer loop
      vertex 125 -0.899305 -2.17112
      vertex 145 -1.10778 -2.07251
      vertex 145 -0.899305 -2.17112
    endloop
  endfacet
  facet normal 0 0.427586 0.903975
    outer loop
      vertex 145 -1.10778 -2.07251
      vertex 125 -0.899305 -2.17112
      vertex 125 -1.10778 -2.07251
    endloop
  endfacet
  facet normal 0 0.595711 -0.803199
    outer loop
      vertex 125 -1.49082 1.81657
      vertex 145 -1.30559 1.95395
      vertex 145 -1.49082 1.81657
    endloop
  endfacet
  facet normal 0 0.595711 -0.803199
    outer loop
      vertex 145 -1.30559 1.95395
      vertex 125 -1.49082 1.81657
      vertex 125 -1.30559 1.95395
    endloop
  endfacet
  facet normal 0 -0.595711 0.803199
    outer loop
      vertex 125 1.49082 -1.81657
      vertex 145 1.30559 -1.95395
      vertex 145 1.49082 -1.81657
    endloop
  endfacet
  facet normal 0 -0.595711 0.803199
    outer loop
      vertex 145 1.30559 -1.95395
      vertex 125 1.49082 -1.81657
      vertex 125 1.30559 -1.95395
    endloop
  endfacet
  facet normal -0 0.146736 0.989176
    outer loop
      vertex 125 -0.23034 -2.33868
      vertex 145 -0.458462 -2.30484
      vertex 145 -0.23034 -2.33868
    endloop
  endfacet
  facet normal 0 0.146736 0.989176
    outer loop
      vertex 145 -0.458462 -2.30484
      vertex 125 -0.23034 -2.33868
      vertex 125 -0.458462 -2.30484
    endloop
  endfacet
  facet normal 0 0.998795 0.0490855
    outer loop
      vertex 145 -2.33868 -0.23034
      vertex 125 -2.35 0
      vertex 145 -2.35 0
    endloop
  endfacet
  facet normal 0 0.998795 0.0490855
    outer loop
      vertex 125 -2.35 0
      vertex 145 -2.33868 -0.23034
      vertex 125 -2.33868 -0.23034
    endloop
  endfacet
  facet normal 0 0.989176 0.146736
    outer loop
      vertex 145 -2.30484 -0.458462
      vertex 125 -2.33868 -0.23034
      vertex 145 -2.33868 -0.23034
    endloop
  endfacet
  facet normal 0 0.989176 0.146736
    outer loop
      vertex 125 -2.33868 -0.23034
      vertex 145 -2.30484 -0.458462
      vertex 125 -2.30484 -0.458462
    endloop
  endfacet
  facet normal 0 -0.427586 0.903975
    outer loop
      vertex 125 1.10778 -2.07251
      vertex 145 0.899305 -2.17112
      vertex 145 1.10778 -2.07251
    endloop
  endfacet
  facet normal 0 -0.427586 0.903975
    outer loop
      vertex 145 0.899305 -2.17112
      vertex 125 1.10778 -2.07251
      vertex 125 0.899305 -2.17112
    endloop
  endfacet
  facet normal 0 0.941548 -0.33688
    outer loop
      vertex 145 -2.24881 0.682169
      vertex 125 -2.17112 0.899305
      vertex 145 -2.17112 0.899305
    endloop
  endfacet
  facet normal 0 0.941548 -0.33688
    outer loop
      vertex 125 -2.17112 0.899305
      vertex 145 -2.24881 0.682169
      vertex 125 -2.24881 0.682169
    endloop
  endfacet
  facet normal 0 -0.740965 0.671543
    outer loop
      vertex 125 1.6617 -1.6617
      vertex 145 1.81657 -1.49082
      vertex 125 1.81657 -1.49082
    endloop
  endfacet
  facet normal 0 -0.740965 0.671543
    outer loop
      vertex 145 1.81657 -1.49082
      vertex 125 1.6617 -1.6617
      vertex 145 1.6617 -1.6617
    endloop
  endfacet
  facet normal -0 0.595711 0.803199
    outer loop
      vertex 125 -1.30559 -1.95395
      vertex 145 -1.49082 -1.81657
      vertex 145 -1.30559 -1.95395
    endloop
  endfacet
  facet normal 0 0.595711 0.803199
    outer loop
      vertex 145 -1.49082 -1.81657
      vertex 125 -1.30559 -1.95395
      vertex 125 -1.49082 -1.81657
    endloop
  endfacet
  facet normal 0 -0.941548 0.33688
    outer loop
      vertex 125 2.17112 -0.899305
      vertex 145 2.24881 -0.682169
      vertex 125 2.24881 -0.682169
    endloop
  endfacet
  facet normal 0 -0.941548 0.33688
    outer loop
      vertex 145 2.24881 -0.682169
      vertex 125 2.17112 -0.899305
      vertex 145 2.17112 -0.899305
    endloop
  endfacet
  facet normal 0 0.146736 -0.989176
    outer loop
      vertex 125 -0.458462 2.30484
      vertex 145 -0.23034 2.33868
      vertex 145 -0.458462 2.30484
    endloop
  endfacet
  facet normal 0 0.146736 -0.989176
    outer loop
      vertex 145 -0.23034 2.33868
      vertex 125 -0.458462 2.30484
      vertex 125 -0.23034 2.33868
    endloop
  endfacet
  facet normal 0 -0.998795 0.0490855
    outer loop
      vertex 125 2.33868 -0.23034
      vertex 145 2.35 0
      vertex 125 2.35 0
    endloop
  endfacet
  facet normal 0 -0.998795 0.0490855
    outer loop
      vertex 145 2.35 0
      vertex 125 2.33868 -0.23034
      vertex 145 2.33868 -0.23034
    endloop
  endfacet
  facet normal -0 -0.998795 -0.0490855
    outer loop
      vertex 125 2.35 0
      vertex 123 2.33868 0.23034
      vertex 123 2.35 0
    endloop
  endfacet
  facet normal 0 -0.998795 -0.0490855
    outer loop
      vertex 123 2.33868 0.23034
      vertex 125 2.35 0
      vertex 147 2.33868 0.23034
    endloop
  endfacet
  facet normal -0 -0.998795 -0.0490855
    outer loop
      vertex 145 2.35 0
      vertex 147 2.33868 0.23034
      vertex 125 2.35 0
    endloop
  endfacet
  facet normal 0 -0.998795 -0.0490855
    outer loop
      vertex 147 2.33868 0.23034
      vertex 145 2.35 0
      vertex 147 2.35 0
    endloop
  endfacet
  facet normal 0 -0.903975 -0.427586
    outer loop
      vertex 123 2.17112 0.899305
      vertex 147 2.07251 1.10778
      vertex 123 2.07251 1.10778
    endloop
  endfacet
  facet normal 0 -0.903975 -0.427586
    outer loop
      vertex 147 2.07251 1.10778
      vertex 123 2.17112 0.899305
      vertex 147 2.17112 0.899305
    endloop
  endfacet
  facet normal 0 0.671543 -0.740965
    outer loop
      vertex 125 -1.6617 1.6617
      vertex 145 -1.49082 1.81657
      vertex 145 -1.6617 1.6617
    endloop
  endfacet
  facet normal 0 0.671543 -0.740965
    outer loop
      vertex 145 -1.49082 1.81657
      vertex 125 -1.6617 1.6617
      vertex 125 -1.49082 1.81657
    endloop
  endfacet
  facet normal 0 0.0490855 -0.998795
    outer loop
      vertex 125 -0.23034 2.33868
      vertex 145 0 2.35
      vertex 145 -0.23034 2.33868
    endloop
  endfacet
  facet normal 0 0.0490855 -0.998795
    outer loop
      vertex 145 0 2.35
      vertex 125 -0.23034 2.33868
      vertex 125 0 2.35
    endloop
  endfacet
  facet normal 0 -0.803199 0.595711
    outer loop
      vertex 125 1.81657 -1.49082
      vertex 145 1.95395 -1.30559
      vertex 125 1.95395 -1.30559
    endloop
  endfacet
  facet normal 0 -0.803199 0.595711
    outer loop
      vertex 145 1.95395 -1.30559
      vertex 125 1.81657 -1.49082
      vertex 145 1.81657 -1.49082
    endloop
  endfacet
  facet normal 0 0.903975 0.427586
    outer loop
      vertex 145 -2.07251 -1.10778
      vertex 125 -2.17112 -0.899305
      vertex 145 -2.17112 -0.899305
    endloop
  endfacet
  facet normal 0 0.903975 0.427586
    outer loop
      vertex 125 -2.17112 -0.899305
      vertex 145 -2.07251 -1.10778
      vertex 125 -2.07251 -1.10778
    endloop
  endfacet
  facet normal 0 -0.33688 0.941548
    outer loop
      vertex 125 0.899305 -2.17112
      vertex 145 0.682169 -2.24881
      vertex 145 0.899305 -2.17112
    endloop
  endfacet
  facet normal 0 -0.33688 0.941548
    outer loop
      vertex 145 0.682169 -2.24881
      vertex 125 0.899305 -2.17112
      vertex 125 0.682169 -2.24881
    endloop
  endfacet
  facet normal 0 -0.857734 0.514094
    outer loop
      vertex 125 1.95395 -1.30559
      vertex 145 2.07251 -1.10778
      vertex 125 2.07251 -1.10778
    endloop
  endfacet
  facet normal 0 -0.857734 0.514094
    outer loop
      vertex 145 2.07251 -1.10778
      vertex 125 1.95395 -1.30559
      vertex 145 1.95395 -1.30559
    endloop
  endfacet
  facet normal 0 -0.740965 -0.671543
    outer loop
      vertex 123 1.81657 1.49082
      vertex 147 1.6617 1.6617
      vertex 123 1.6617 1.6617
    endloop
  endfacet
  facet normal 0 -0.740965 -0.671543
    outer loop
      vertex 147 1.6617 1.6617
      vertex 123 1.81657 1.49082
      vertex 147 1.81657 1.49082
    endloop
  endfacet
  facet normal -0 0.242957 0.970037
    outer loop
      vertex 125 -0.458462 -2.30484
      vertex 145 -0.682169 -2.24881
      vertex 145 -0.458462 -2.30484
    endloop
  endfacet
  facet normal 0 0.242957 0.970037
    outer loop
      vertex 145 -0.682169 -2.24881
      vertex 125 -0.458462 -2.30484
      vertex 125 -0.682169 -2.24881
    endloop
  endfacet
  facet normal 0 -0.514094 0.857734
    outer loop
      vertex 125 1.30559 -1.95395
      vertex 145 1.10778 -2.07251
      vertex 145 1.30559 -1.95395
    endloop
  endfacet
  facet normal 0 -0.514094 0.857734
    outer loop
      vertex 145 1.10778 -2.07251
      vertex 125 1.30559 -1.95395
      vertex 125 1.10778 -2.07251
    endloop
  endfacet
  facet normal 0 0.33688 -0.941548
    outer loop
      vertex 125 -0.899305 2.17112
      vertex 145 -0.682169 2.24881
      vertex 145 -0.899305 2.17112
    endloop
  endfacet
  facet normal 0 0.33688 -0.941548
    outer loop
      vertex 145 -0.682169 2.24881
      vertex 125 -0.899305 2.17112
      vertex 125 -0.682169 2.24881
    endloop
  endfacet
  facet normal 0 0.857734 -0.514094
    outer loop
      vertex 145 -2.07251 1.10778
      vertex 125 -1.95395 1.30559
      vertex 145 -1.95395 1.30559
    endloop
  endfacet
  facet normal 0 0.857734 -0.514094
    outer loop
      vertex 125 -1.95395 1.30559
      vertex 145 -2.07251 1.10778
      vertex 125 -2.07251 1.10778
    endloop
  endfacet
  facet normal 0 0.242957 -0.970037
    outer loop
      vertex 125 -0.682169 2.24881
      vertex 145 -0.458462 2.30484
      vertex 145 -0.682169 2.24881
    endloop
  endfacet
  facet normal 0 0.242957 -0.970037
    outer loop
      vertex 145 -0.458462 2.30484
      vertex 125 -0.682169 2.24881
      vertex 125 -0.458462 2.30484
    endloop
  endfacet
  facet normal 0 0.941548 0.33688
    outer loop
      vertex 145 -2.17112 -0.899305
      vertex 125 -2.24881 -0.682169
      vertex 145 -2.24881 -0.682169
    endloop
  endfacet
  facet normal 0 0.941548 0.33688
    outer loop
      vertex 125 -2.24881 -0.682169
      vertex 145 -2.17112 -0.899305
      vertex 125 -2.17112 -0.899305
    endloop
  endfacet
  facet normal 0 -0.146736 -0.989176
    outer loop
      vertex 123 0.23034 2.33868
      vertex 147 0.458462 2.30484
      vertex 147 0.23034 2.33868
    endloop
  endfacet
  facet normal -0 -0.146736 -0.989176
    outer loop
      vertex 147 0.458462 2.30484
      vertex 123 0.23034 2.33868
      vertex 123 0.458462 2.30484
    endloop
  endfacet
  facet normal 0 -0.671543 -0.740965
    outer loop
      vertex 123 1.49082 1.81657
      vertex 147 1.6617 1.6617
      vertex 147 1.49082 1.81657
    endloop
  endfacet
  facet normal -0 -0.671543 -0.740965
    outer loop
      vertex 147 1.6617 1.6617
      vertex 123 1.49082 1.81657
      vertex 123 1.6617 1.6617
    endloop
  endfacet
  facet normal 0 0.803199 0.595711
    outer loop
      vertex 145 -1.81657 -1.49082
      vertex 125 -1.95395 -1.30559
      vertex 145 -1.95395 -1.30559
    endloop
  endfacet
  facet normal 0 0.803199 0.595711
    outer loop
      vertex 125 -1.95395 -1.30559
      vertex 145 -1.81657 -1.49082
      vertex 125 -1.81657 -1.49082
    endloop
  endfacet
  facet normal -1 0 0
    outer loop
      vertex 147 0 0
      vertex 147 2.33868 0.23034
      vertex 147 2.35 0
    endloop
  endfacet
  facet normal -1 -0 0
    outer loop
      vertex 147 2.33868 0.23034
      vertex 147 0 0
      vertex 147 2.30484 0.458462
    endloop
  endfacet
  facet normal -1 -0 0
    outer loop
      vertex 147 2.30484 0.458462
      vertex 147 0 0
      vertex 147 2.24881 0.682169
    endloop
  endfacet
  facet normal -1 -0 0
    outer loop
      vertex 147 2.24881 0.682169
      vertex 147 0 0
      vertex 147 2.17112 0.899305
    endloop
  endfacet
  facet normal -1 -0 0
    outer loop
      vertex 147 2.17112 0.899305
      vertex 147 0 0
      vertex 147 2.07251 1.10778
    endloop
  endfacet
  facet normal -1 -0 0
    outer loop
      vertex 147 2.07251 1.10778
      vertex 147 0 0
      vertex 147 1.95395 1.30559
    endloop
  endfacet
  facet normal -1 -0 0
    outer loop
      vertex 147 1.95395 1.30559
      vertex 147 0 0
      vertex 147 1.81657 1.49082
    endloop
  endfacet
  facet normal -1 -0 0
    outer loop
      vertex 147 1.81657 1.49082
      vertex 147 0 0
      vertex 147 1.6617 1.6617
    endloop
  endfacet
  facet normal -1 -0 0
    outer loop
      vertex 147 1.6617 1.6617
      vertex 147 0 0
      vertex 147 1.49082 1.81657
    endloop
  endfacet
  facet normal -1 -0 0
    outer loop
      vertex 147 1.49082 1.81657
      vertex 147 0 0
      vertex 147 1.30559 1.95395
    endloop
  endfacet
  facet normal -1 -0 0
    outer loop
      vertex 147 1.30559 1.95395
      vertex 147 0 0
      vertex 147 1.10778 2.07251
    endloop
  endfacet
  facet normal -1 -0 0
    outer loop
      vertex 147 1.10778 2.07251
      vertex 147 0 0
      vertex 147 0.899305 2.17112
    endloop
  endfacet
  facet normal -1 -0 0
    outer loop
      vertex 147 0.899305 2.17112
      vertex 147 0 0
      vertex 147 0.682169 2.24881
    endloop
  endfacet
  facet normal -1 -0 0
    outer loop
      vertex 147 0.682169 2.24881
      vertex 147 0 0
      vertex 147 0.458462 2.30484
    endloop
  endfacet
  facet normal -1 -0 0
    outer loop
      vertex 147 0.458462 2.30484
      vertex 147 0 0
      vertex 147 0.23034 2.33868
    endloop
  endfacet
  facet normal -1 -0 0
    outer loop
      vertex 147 0.23034 2.33868
      vertex 147 0 0
      vertex 147 0 2.35
    endloop
  endfacet
  facet normal 0 -0.803199 -0.595711
    outer loop
      vertex 123 1.95395 1.30559
      vertex 147 1.81657 1.49082
      vertex 123 1.81657 1.49082
    endloop
  endfacet
  facet normal 0 -0.803199 -0.595711
    outer loop
      vertex 147 1.81657 1.49082
      vertex 123 1.95395 1.30559
      vertex 147 1.95395 1.30559
    endloop
  endfacet
  facet normal 0 -0.671543 0.740965
    outer loop
      vertex 125 1.6617 -1.6617
      vertex 145 1.49082 -1.81657
      vertex 145 1.6617 -1.6617
    endloop
  endfacet
  facet normal 0 -0.671543 0.740965
    outer loop
      vertex 145 1.49082 -1.81657
      vertex 125 1.6617 -1.6617
      vertex 125 1.49082 -1.81657
    endloop
  endfacet
  facet normal 0 0.427586 -0.903975
    outer loop
      vertex 125 -1.10778 2.07251
      vertex 145 -0.899305 2.17112
      vertex 145 -1.10778 2.07251
    endloop
  endfacet
  facet normal 0 0.427586 -0.903975
    outer loop
      vertex 145 -0.899305 2.17112
      vertex 125 -1.10778 2.07251
      vertex 125 -0.899305 2.17112
    endloop
  endfacet
  facet normal 0 -0.970037 0.242957
    outer loop
      vertex 125 2.24881 -0.682169
      vertex 145 2.30484 -0.458462
      vertex 125 2.30484 -0.458462
    endloop
  endfacet
  facet normal 0 -0.970037 0.242957
    outer loop
      vertex 145 2.30484 -0.458462
      vertex 125 2.24881 -0.682169
      vertex 145 2.24881 -0.682169
    endloop
  endfacet
  facet normal 0 0.998795 -0.0490855
    outer loop
      vertex 145 -2.35 0
      vertex 125 -2.33868 0.23034
      vertex 145 -2.33868 0.23034
    endloop
  endfacet
  facet normal 0 0.998795 -0.0490855
    outer loop
      vertex 125 -2.33868 0.23034
      vertex 145 -2.35 0
      vertex 125 -2.35 0
    endloop
  endfacet
  facet normal 0 0.740965 0.671543
    outer loop
      vertex 145 -1.6617 -1.6617
      vertex 125 -1.81657 -1.49082
      vertex 145 -1.81657 -1.49082
    endloop
  endfacet
  facet normal 0 0.740965 0.671543
    outer loop
      vertex 125 -1.81657 -1.49082
      vertex 145 -1.6617 -1.6617
      vertex 125 -1.6617 -1.6617
    endloop
  endfacet
  facet normal 0 0.989176 -0.146736
    outer loop
      vertex 145 -2.33868 0.23034
      vertex 125 -2.30484 0.458462
      vertex 145 -2.30484 0.458462
    endloop
  endfacet
  facet normal 0 0.989176 -0.146736
    outer loop
      vertex 125 -2.30484 0.458462
      vertex 145 -2.33868 0.23034
      vertex 125 -2.33868 0.23034
    endloop
  endfacet
  facet normal 0 0.857734 0.514094
    outer loop
      vertex 145 -1.95395 -1.30559
      vertex 125 -2.07251 -1.10778
      vertex 145 -2.07251 -1.10778
    endloop
  endfacet
  facet normal 0 0.857734 0.514094
    outer loop
      vertex 125 -2.07251 -1.10778
      vertex 145 -1.95395 -1.30559
      vertex 125 -1.95395 -1.30559
    endloop
  endfacet
  facet normal -0 0.514094 0.857734
    outer loop
      vertex 125 -1.10778 -2.07251
      vertex 145 -1.30559 -1.95395
      vertex 145 -1.10778 -2.07251
    endloop
  endfacet
  facet normal 0 0.514094 0.857734
    outer loop
      vertex 145 -1.30559 -1.95395
      vertex 125 -1.10778 -2.07251
      vertex 125 -1.30559 -1.95395
    endloop
  endfacet
  facet normal 0 0.970037 0.242957
    outer loop
      vertex 145 -2.24881 -0.682169
      vertex 125 -2.30484 -0.458462
      vertex 145 -2.30484 -0.458462
    endloop
  endfacet
  facet normal 0 0.970037 0.242957
    outer loop
      vertex 125 -2.30484 -0.458462
      vertex 145 -2.24881 -0.682169
      vertex 125 -2.24881 -0.682169
    endloop
  endfacet
  facet normal 0 -0.857734 -0.514094
    outer loop
      vertex 123 2.07251 1.10778
      vertex 147 1.95395 1.30559
      vertex 123 1.95395 1.30559
    endloop
  endfacet
  facet normal 0 -0.857734 -0.514094
    outer loop
      vertex 147 1.95395 1.30559
      vertex 123 2.07251 1.10778
      vertex 147 2.07251 1.10778
    endloop
  endfacet
  facet normal 0 -0.33688 -0.941548
    outer loop
      vertex 123 0.682169 2.24881
      vertex 147 0.899305 2.17112
      vertex 147 0.682169 2.24881
    endloop
  endfacet
  facet normal -0 -0.33688 -0.941548
    outer loop
      vertex 147 0.899305 2.17112
      vertex 123 0.682169 2.24881
      vertex 123 0.899305 2.17112
    endloop
  endfacet
  facet normal 0 -0.0490855 -0.998795
    outer loop
      vertex 145 0 2.35
      vertex 147 0.23034 2.33868
      vertex 147 0 2.35
    endloop
  endfacet
  facet normal 0 -0.0490855 -0.998795
    outer loop
      vertex 125 0 2.35
      vertex 147 0.23034 2.33868
      vertex 145 0 2.35
    endloop
  endfacet
  facet normal 0 -0.0490855 -0.998795
    outer loop
      vertex 123 0.23034 2.33868
      vertex 125 0 2.35
      vertex 123 0 2.35
    endloop
  endfacet
  facet normal 0 -0.0490855 -0.998795
    outer loop
      vertex 125 0 2.35
      vertex 123 0.23034 2.33868
      vertex 147 0.23034 2.33868
    endloop
  endfacet
  facet normal 0 0.970037 -0.242957
    outer loop
      vertex 145 -2.30484 0.458462
      vertex 125 -2.24881 0.682169
      vertex 145 -2.24881 0.682169
    endloop
  endfacet
  facet normal 0 0.970037 -0.242957
    outer loop
      vertex 125 -2.24881 0.682169
      vertex 145 -2.30484 0.458462
      vertex 125 -2.30484 0.458462
    endloop
  endfacet
  facet normal 0 0.903975 -0.427586
    outer loop
      vertex 145 -2.17112 0.899305
      vertex 125 -2.07251 1.10778
      vertex 145 -2.07251 1.10778
    endloop
  endfacet
  facet normal 0 0.903975 -0.427586
    outer loop
      vertex 125 -2.07251 1.10778
      vertex 145 -2.17112 0.899305
      vertex 125 -2.17112 0.899305
    endloop
  endfacet
  facet normal 0 0.803199 -0.595711
    outer loop
      vertex 145 -1.95395 1.30559
      vertex 125 -1.81657 1.49082
      vertex 145 -1.81657 1.49082
    endloop
  endfacet
  facet normal 0 0.803199 -0.595711
    outer loop
      vertex 125 -1.81657 1.49082
      vertex 145 -1.95395 1.30559
      vertex 125 -1.95395 1.30559
    endloop
  endfacet
  facet normal 0 -0.989176 0.146736
    outer loop
      vertex 125 2.30484 -0.458462
      vertex 145 2.33868 -0.23034
      vertex 125 2.33868 -0.23034
    endloop
  endfacet
  facet normal 0 -0.989176 0.146736
    outer loop
      vertex 145 2.33868 -0.23034
      vertex 125 2.30484 -0.458462
      vertex 145 2.30484 -0.458462
    endloop
  endfacet
  facet normal 0 -0.427586 -0.903975
    outer loop
      vertex 123 0.899305 2.17112
      vertex 147 1.10778 2.07251
      vertex 147 0.899305 2.17112
    endloop
  endfacet
  facet normal -0 -0.427586 -0.903975
    outer loop
      vertex 147 1.10778 2.07251
      vertex 123 0.899305 2.17112
      vertex 123 1.10778 2.07251
    endloop
  endfacet
  facet normal 0 -0.514094 -0.857734
    outer loop
      vertex 123 1.10778 2.07251
      vertex 147 1.30559 1.95395
      vertex 147 1.10778 2.07251
    endloop
  endfacet
  facet normal -0 -0.514094 -0.857734
    outer loop
      vertex 147 1.30559 1.95395
      vertex 123 1.10778 2.07251
      vertex 123 1.30559 1.95395
    endloop
  endfacet
endsolid OpenSCAD_Model
